Year,County,NYC,Type,Republican,Democratic,Other,Total,Republican Pct,Democratic Pct,Other Pct
1998,ALBANY,Not NYC,Governor,58542,32848,21536,112926,0.518,0.291,0.191
1998,ALLEGANY,Not NYC,Governor,9830,1508,2077,13415,0.733,0.112,0.155
1998,BRONX,NYC,Governor,43955,135765,10412,190132,0.231,0.714,0.055
1998,BROOME,Not NYC,Governor,47041,9828,10946,67815,0.694,0.145,0.161
1998,CATTARAUGUS,Not NYC,Governor,16841,4052,3244,24137,0.698,0.168,0.134
1998,CAYUGA,Not NYC,Governor,18114,3689,3008,24811,0.73,0.149,0.121
1998,CHAUTAUQUA,Not NYC,Governor,28945,7878,4845,41668,0.695,0.189,0.116
1998,CHEMUNG,Not NYC,Governor,20983,3097,3578,27658,0.759,0.112,0.129
1998,CHENANGO,Not NYC,Governor,11303,1778,1800,14881,0.76,0.119,0.121
1998,CLINTON,Not NYC,Governor,18497,3518,2196,24211,0.764,0.145,0.091
1998,COLUMBIA,Not NYC,Governor,14831,4162,3032,22025,0.673,0.189,0.138
1998,CORTLAND,Not NYC,Governor,10094,2663,1887,14644,0.689,0.182,0.129
1998,DELAWARE,Not NYC,Governor,12190,2065,1682,15937,0.765,0.13,0.106
1998,DUTCHESS,Not NYC,Governor,53442,15121,7843,76406,0.699,0.198,0.103
1998,ERIE,Not NYC,Governor,178853,76001,52258,307112,0.582,0.247,0.17
1998,ESSEX,Not NYC,Governor,10930,1654,1191,13775,0.793,0.12,0.086
1998,FRANKLIN,Not NYC,Governor,9497,2057,1602,13156,0.722,0.156,0.122
1998,FULTON,Not NYC,Governor,11975,2168,2297,16440,0.728,0.132,0.14
1998,GENESEE,Not NYC,Governor,12131,2051,4549,18731,0.648,0.109,0.243
1998,GREENE,Not NYC,Governor,12121,2457,1938,16516,0.734,0.149,0.117
1998,HAMILTON,Not NYC,Governor,2313,337,351,3001,0.771,0.112,0.117
1998,HERKIMER,Not NYC,Governor,15736,2191,2455,20382,0.772,0.107,0.12
1998,JEFFERSON,Not NYC,Governor,20008,2613,3670,26291,0.761,0.099,0.14
1998,KINGS,NYC,Governor,122141,241963,25668,389772,0.313,0.621,0.066
1998,LEWIS,Not NYC,Governor,6554,778,1112,8444,0.776,0.092,0.132
1998,LIVINGSTON,Not NYC,Governor,10894,2296,6323,19513,0.558,0.118,0.324
1998,MADISON,Not NYC,Governor,15141,2838,2748,20727,0.73,0.137,0.133
1998,MONROE,Not NYC,Governor,100754,48697,87152,236603,0.426,0.206,0.368
1998,MONTGOMERY,Not NYC,Governor,11756,2652,2426,16834,0.698,0.158,0.144
1998,NASSAU,Not NYC,Governor,274105,119911,29785,423801,0.647,0.283,0.07
1998,NEW YORK,NYC,Governor,96594,232835,33395,362824,0.266,0.642,0.092
1998,NIAGARA,Not NYC,Governor,42613,12712,12079,67404,0.632,0.189,0.179
1998,ONEIDA,Not NYC,Governor,57380,9084,9447,75911,0.756,0.12,0.124
1998,ONONDAGA,Not NYC,Governor,100969,29134,20692,150795,0.67,0.193,0.137
1998,ONTARIO,Not NYC,Governor,17203,3840,11043,32086,0.536,0.12,0.344
1998,ORANGE,Not NYC,Governor,59818,17538,8238,85594,0.699,0.205,0.096
1998,ORLEANS,Not NYC,Governor,7372,1273,2852,11497,0.641,0.111,0.248
1998,OSWEGO,Not NYC,Governor,26122,4404,4547,35073,0.745,0.126,0.13
1998,OTSEGO,Not NYC,Governor,13470,2994,2305,18769,0.718,0.16,0.123
1998,PUTNAM,Not NYC,Governor,21885,4881,2511,29277,0.748,0.167,0.086
1998,QUEENS,NYC,Governor,140716,198693,22492,361901,0.389,0.549,0.062
1998,RENSSELAER,Not NYC,Governor,35514,9820,9706,55040,0.645,0.178,0.176
1998,RICHMOND,NYC,Governor,60688,26404,5952,93044,0.652,0.284,0.064
1998,ROCKLAND,Not NYC,Governor,52998,24439,6816,84253,0.629,0.29,0.081
1998,ST. LAWRENCE,Not NYC,Governor,21357,4411,3727,29495,0.724,0.15,0.126
1998,SARATOGA,Not NYC,Governor,46291,9926,12275,68492,0.676,0.145,0.179
1998,SCHENECTADY,Not NYC,Governor,32030,10694,10282,53006,0.604,0.202,0.194
1998,SCHOHARIE,Not NYC,Governor,7476,1672,1431,10579,0.707,0.158,0.135
1998,SCHUYLER,Not NYC,Governor,4471,765,756,5992,0.746,0.128,0.126
1998,SENECA,Not NYC,Governor,7428,1359,1790,10577,0.702,0.128,0.169
1998,STEUBEN,Not NYC,Governor,21838,2602,4169,28609,0.763,0.091,0.146
1998,SUFFOLK,Not NYC,Governor,224797,97164,46994,368955,0.609,0.263,0.127
1998,SULLIVAN,Not NYC,Governor,13424,5670,2007,21101,0.636,0.269,0.095
1998,TIOGA,Not NYC,Governor,12404,1667,2411,16482,0.753,0.101,0.146
1998,TOMPKINS,Not NYC,Governor,15172,8277,4308,27757,0.547,0.298,0.155
1998,ULSTER,Not NYC,Governor,38958,12795,7320,59073,0.659,0.217,0.124
1998,WARREN,Not NYC,Governor,14436,2789,3030,20255,0.713,0.138,0.15
1998,WASHINGTON,Not NYC,Governor,12982,2308,2287,17577,0.739,0.131,0.13
1998,WAYNE,Not NYC,Governor,16270,2694,8330,27294,0.596,0.099,0.305
1998,WESTCHESTER,Not NYC,Governor,156003,86612,22084,264699,0.589,0.327,0.083
1998,WYOMING,Not NYC,Governor,8840,1360,2517,12717,0.695,0.107,0.198
1998,YATES,Not NYC,Governor,4955,865,1524,7344,0.675,0.118,0.208
2002,ALBANY,Not NYC,Governor,45804,45748,20392,111944,0.409,0.409,0.182
2002,ALLEGANY,Not NYC,Governor,8134,2042,3096,13272,0.613,0.154,0.233
2002,BRONX,NYC,Governor,58600,121050,10324,189974,0.308,0.637,0.054
2002,BROOME,Not NYC,Governor,32399,12956,19199,64554,0.502,0.201,0.297
2002,CATTARAUGUS,Not NYC,Governor,12400,4302,4971,21673,0.572,0.198,0.229
2002,CAYUGA,Not NYC,Governor,14203,5417,5282,24902,0.57,0.218,0.212
2002,CHAUTAUQUA,Not NYC,Governor,22869,8323,6618,37810,0.605,0.22,0.175
2002,CHEMUNG,Not NYC,Governor,16398,4619,4583,25600,0.641,0.18,0.179
2002,CHENANGO,Not NYC,Governor,8676,2529,3074,14279,0.608,0.177,0.215
2002,CLINTON,Not NYC,Governor,17113,3505,2094,22712,0.753,0.154,0.092
2002,COLUMBIA,Not NYC,Governor,11995,6454,4051,22500,0.533,0.287,0.18
2002,CORTLAND,Not NYC,Governor,7851,3522,2832,14205,0.553,0.248,0.199
2002,DELAWARE,Not NYC,Governor,9139,2878,2895,14912,0.613,0.193,0.194
2002,DUTCHESS,Not NYC,Governor,44289,18606,13130,76025,0.583,0.245,0.173
2002,ERIE,Not NYC,Governor,130377,85360,78229,293966,0.444,0.29,0.266
2002,ESSEX,Not NYC,Governor,10550,1794,1563,13907,0.759,0.129,0.112
2002,FRANKLIN,Not NYC,Governor,8628,2009,1306,11943,0.722,0.168,0.109
2002,FULTON,Not NYC,Governor,9012,3055,3668,15735,0.573,0.194,0.233
2002,GENESEE,Not NYC,Governor,9588,2553,5856,17997,0.533,0.142,0.325
2002,GREENE,Not NYC,Governor,9363,3281,3156,15800,0.593,0.208,0.2
2002,HAMILTON,Not NYC,Governor,1740,550,559,2849,0.611,0.193,0.196
2002,HERKIMER,Not NYC,Governor,11834,3178,4617,19629,0.603,0.162,0.235
2002,JEFFERSON,Not NYC,Governor,17616,3897,4847,26360,0.668,0.148,0.184
2002,KINGS,NYC,Governor,141846,230040,26650,398536,0.356,0.577,0.067
2002,LEWIS,Not NYC,Governor,5823,1370,1757,8950,0.651,0.153,0.196
2002,LIVINGSTON,Not NYC,Governor,8757,3651,7578,19986,0.438,0.183,0.379
2002,MADISON,Not NYC,Governor,10393,4206,5084,19683,0.528,0.214,0.258
2002,MONROE,Not NYC,Governor,81110,58334,93755,233199,0.348,0.25,0.402
2002,MONTGOMERY,Not NYC,Governor,9285,3346,3974,16605,0.559,0.202,0.239
2002,NASSAU,Not NYC,Governor,232785,99865,45861,378511,0.615,0.264,0.121
2002,NEW YORK,NYC,Governor,117863,202101,33128,353092,0.334,0.572,0.094
2002,NIAGARA,Not NYC,Governor,32005,12966,20052,65023,0.492,0.199,0.308
2002,ONEIDA,Not NYC,Governor,40186,13719,16133,70038,0.574,0.196,0.23
2002,ONONDAGA,Not NYC,Governor,74694,39110,31501,145305,0.514,0.269,0.217
2002,ONTARIO,Not NYC,Governor,15480,5512,12365,33357,0.464,0.165,0.371
2002,ORANGE,Not NYC,Governor,53950,17866,14575,86391,0.624,0.207,0.169
2002,ORLEANS,Not NYC,Governor,5426,1568,4098,11092,0.489,0.141,0.369
2002,OSWEGO,Not NYC,Governor,17393,6826,7867,32086,0.542,0.213,0.245
2002,OTSEGO,Not NYC,Governor,9846,4109,3668,17623,0.559,0.233,0.208
2002,PUTNAM,Not NYC,Governor,19998,4284,4133,28415,0.704,0.151,0.145
2002,QUEENS,NYC,Governor,155599,160746,29373,345718,0.45,0.465,0.085
2002,RENSSELAER,Not NYC,Governor,27120,15491,11652,54263,0.5,0.285,0.215
2002,RICHMOND,NYC,Governor,59656,18239,9300,87195,0.684,0.209,0.107
2002,ROCKLAND,Not NYC,Governor,53025,22054,9545,84624,0.627,0.261,0.113
2002,ST. LAWRENCE,Not NYC,Governor,19635,6234,4229,30098,0.652,0.207,0.141
2002,SARATOGA,Not NYC,Governor,38797,16881,14653,70331,0.552,0.24,0.208
2002,SCHENECTADY,Not NYC,Governor,24201,14378,11599,50178,0.482,0.287,0.231
2002,SCHOHARIE,Not NYC,Governor,5731,2296,2520,10547,0.543,0.218,0.239
2002,SCHUYLER,Not NYC,Governor,3535,1043,1224,5802,0.609,0.18,0.211
2002,SENECA,Not NYC,Governor,5969,1986,2561,10516,0.568,0.189,0.244
2002,STEUBEN,Not NYC,Governor,17523,3419,6472,27414,0.639,0.125,0.236
2002,SUFFOLK,Not NYC,Governor,209361,82776,62071,354208,0.591,0.234,0.175
2002,SULLIVAN,Not NYC,Governor,11279,4949,3769,19997,0.564,0.247,0.188
2002,TIOGA,Not NYC,Governor,9561,2396,3887,15844,0.603,0.151,0.245
2002,TOMPKINS,Not NYC,Governor,10995,10887,5507,27389,0.401,0.397,0.201
2002,ULSTER,Not NYC,Governor,29801,15567,12080,57448,0.519,0.271,0.21
2002,WARREN,Not NYC,Governor,11964,4831,3740,20535,0.583,0.235,0.182
2002,WASHINGTON,Not NYC,Governor,9491,3767,3541,16799,0.565,0.224,0.211
2002,WAYNE,Not NYC,Governor,12553,4171,10811,27535,0.456,0.151,0.393
2002,WESTCHESTER,Not NYC,Governor,140329,82099,30010,252438,0.556,0.325,0.119
2002,WYOMING,Not NYC,Governor,6931,2034,3690,12655,0.548,0.161,0.292
2002,YATES,Not NYC,Governor,3781,1319,2004,7104,0.532,0.186,0.282
2006,ALBANY,Not NYC,Governor,26848,80210,1854,108912,0.247,0.736,0.017
2006,ALLEGANY,Not NYC,Governor,6575,6568,266,13409,0.49,0.49,0.02
2006,BRONX,NYC,Governor,16118,146941,2459,165518,0.097,0.888,0.015
2006,BROOME,Not NYC,Governor,20944,40683,1059,62686,0.334,0.649,0.017
2006,CATTARAUGUS,Not NYC,Governor,10803,10981,418,22202,0.487,0.495,0.019
2006,CAYUGA,Not NYC,Governor,8900,17449,429,26778,0.332,0.652,0.016
2006,CHAUTAUQUA,Not NYC,Governor,16610,19690,578,36878,0.45,0.534,0.016
2006,CHEMUNG,Not NYC,Governor,9501,16341,370,26212,0.362,0.623,0.014
2006,CHENANGO,Not NYC,Governor,6028,8521,365,14914,0.404,0.571,0.024
2006,CLINTON,Not NYC,Governor,7659,14922,388,22969,0.333,0.65,0.017
2006,COLUMBIA,Not NYC,Governor,9647,14182,382,24211,0.398,0.586,0.016
2006,CORTLAND,Not NYC,Governor,5287,9180,283,14750,0.358,0.622,0.019
2006,DELAWARE,Not NYC,Governor,6173,8041,307,14521,0.425,0.554,0.021
2006,DUTCHESS,Not NYC,Governor,29095,50682,1670,81447,0.357,0.622,0.021
2006,ERIE,Not NYC,Governor,95819,177926,4812,278557,0.344,0.639,0.017
2006,ESSEX,Not NYC,Governor,5161,7366,210,12737,0.405,0.578,0.016
2006,FRANKLIN,Not NYC,Governor,4188,7635,179,12002,0.349,0.636,0.015
2006,FULTON,Not NYC,Governor,5840,8753,203,14796,0.395,0.592,0.014
2006,GENESEE,Not NYC,Governor,8979,9038,286,18303,0.491,0.494,0.016
2006,GREENE,Not NYC,Governor,8206,8458,303,16967,0.484,0.498,0.018
2006,HAMILTON,Not NYC,Governor,1403,1217,51,2671,0.525,0.456,0.019
2006,HERKIMER,Not NYC,Governor,7611,11410,307,19328,0.394,0.59,0.016
2006,JEFFERSON,Not NYC,Governor,8721,15648,355,24724,0.353,0.633,0.014
2006,KINGS,NYC,Governor,40199,287262,7157,334618,0.12,0.858,0.021
2006,LEWIS,Not NYC,Governor,3139,4059,100,7298,0.43,0.556,0.014
2006,LIVINGSTON,Not NYC,Governor,8448,11068,388,19904,0.424,0.556,0.019
2006,MADISON,Not NYC,Governor,7696,13470,359,21525,0.358,0.626,0.017
2006,MONROE,Not NYC,Governor,75014,149683,3391,228088,0.329,0.656,0.015
2006,MONTGOMERY,Not NYC,Governor,4995,8699,218,13912,0.359,0.625,0.016
2006,NASSAU,Not NYC,Governor,122567,234452,4349,361368,0.339,0.649,0.012
2006,NEW YORK,NYC,Governor,34438,313396,9148,356982,0.096,0.878,0.026
2006,NIAGARA,Not NYC,Governor,25060,37477,817,63354,0.396,0.592,0.013
2006,ONEIDA,Not NYC,Governor,25332,44743,962,71037,0.357,0.63,0.014
2006,ONONDAGA,Not NYC,Governor,45280,104649,2665,152594,0.297,0.686,0.017
2006,ONTARIO,Not NYC,Governor,13207,20199,477,33883,0.39,0.596,0.014
2006,ORANGE,Not NYC,Governor,29994,56770,1387,88151,0.34,0.644,0.016
2006,ORLEANS,Not NYC,Governor,5331,5241,202,10774,0.495,0.486,0.019
2006,OSWEGO,Not NYC,Governor,11342,19975,640,31957,0.355,0.625,0.02
2006,OTSEGO,Not NYC,Governor,6681,11467,425,18573,0.36,0.617,0.023
2006,PUTNAM,Not NYC,Governor,11871,17542,594,30007,0.396,0.585,0.02
2006,QUEENS,NYC,Governor,50284,251070,4460,305814,0.164,0.821,0.015
2006,RENSSELAER,Not NYC,Governor,17207,35970,881,54058,0.318,0.665,0.016
2006,RICHMOND,NYC,Governor,29348,51257,1107,81712,0.359,0.627,0.014
2006,ROCKLAND,Not NYC,Governor,28857,49524,1159,79540,0.363,0.623,0.015
2006,ST. LAWRENCE,Not NYC,Governor,8744,18887,453,28084,0.311,0.673,0.016
2006,SARATOGA,Not NYC,Governor,29266,50236,1155,80657,0.363,0.623,0.014
2006,SCHENECTADY,Not NYC,Governor,15839,33949,791,50579,0.313,0.671,0.016
2006,SCHOHARIE,Not NYC,Governor,5181,5529,187,10897,0.475,0.507,0.017
2006,SCHUYLER,Not NYC,Governor,2514,3317,115,5946,0.423,0.558,0.019
2006,SENECA,Not NYC,Governor,3623,6511,178,10312,0.351,0.631,0.017
2006,STEUBEN,Not NYC,Governor,12858,14794,427,28079,0.458,0.527,0.015
2006,SUFFOLK,Not NYC,Governor,124571,223453,5247,353271,0.353,0.633,0.015
2006,SULLIVAN,Not NYC,Governor,6060,13205,410,19675,0.308,0.671,0.021
2006,TIOGA,Not NYC,Governor,6841,8743,242,15826,0.432,0.552,0.015
2006,TOMPKINS,Not NYC,Governor,7117,21213,794,29124,0.244,0.728,0.027
2006,ULSTER,Not NYC,Governor,17315,40841,1867,60023,0.288,0.68,0.031
2006,WARREN,Not NYC,Governor,8457,13923,426,22806,0.371,0.61,0.019
2006,WASHINGTON,Not NYC,Governor,7024,10822,340,18186,0.386,0.595,0.019
2006,WAYNE,Not NYC,Governor,11651,13992,388,26031,0.448,0.538,0.015
2006,WESTCHESTER,Not NYC,Governor,75083,177246,4434,256763,0.292,0.69,0.017
2006,WYOMING,Not NYC,Governor,6659,5950,189,12798,0.52,0.465,0.015
2006,YATES,Not NYC,Governor,3126,4283,113,7522,0.416,0.569,0.015
2010,ALBANY,Not NYC,Governor,28076,65798,8865,102739,0.273,0.64,0.086
2010,ALLEGANY,Not NYC,Governor,8353,4470,376,13199,0.633,0.339,0.028
2010,BRONX,NYC,Governor,16032,154500,5668,176200,0.091,0.877,0.032
2010,BROOME,Not NYC,Governor,25214,33761,2156,61131,0.412,0.552,0.035
2010,CATTARAUGUS,Not NYC,Governor,14554,6997,685,22236,0.655,0.315,0.031
2010,CAYUGA,Not NYC,Governor,9141,12067,1246,22454,0.407,0.537,0.055
2010,CHAUTAUQUA,Not NYC,Governor,24593,14022,1170,39785,0.618,0.352,0.029
2010,CHEMUNG,Not NYC,Governor,10925,12972,551,24448,0.447,0.531,0.023
2010,CHENANGO,Not NYC,Governor,6126,7231,648,14005,0.437,0.516,0.046
2010,CLINTON,Not NYC,Governor,7155,15316,518,22989,0.311,0.666,0.023
2010,COLUMBIA,Not NYC,Governor,8402,13952,1403,23757,0.354,0.587,0.059
2010,CORTLAND,Not NYC,Governor,5424,7715,752,13891,0.39,0.555,0.054
2010,DELAWARE,Not NYC,Governor,6350,6698,696,13744,0.462,0.487,0.051
2010,DUTCHESS,Not NYC,Governor,34874,48165,3303,86342,0.404,0.558,0.038
2010,ERIE,Not NYC,Governor,176690,113459,11712,301861,0.585,0.376,0.039
2010,ESSEX,Not NYC,Governor,4464,7991,480,12935,0.345,0.618,0.037
2010,FRANKLIN,Not NYC,Governor,3699,8144,416,12259,0.302,0.664,0.034
2010,FULTON,Not NYC,Governor,7307,7009,711,15027,0.486,0.466,0.047
2010,GENESEE,Not NYC,Governor,10619,6668,589,17876,0.594,0.373,0.033
2010,GREENE,Not NYC,Governor,7553,7904,769,16226,0.465,0.487,0.047
2010,HAMILTON,Not NYC,Governor,1373,1100,141,2614,0.525,0.421,0.054
2010,HERKIMER,Not NYC,Governor,8840,9942,765,19547,0.452,0.509,0.039
2010,JEFFERSON,Not NYC,Governor,9760,15762,1451,26973,0.362,0.584,0.054
2010,KINGS,NYC,Governor,60198,320222,19224,399644,0.151,0.801,0.048
2010,LEWIS,Not NYC,Governor,3210,3842,309,7361,0.436,0.522,0.042
2010,LIVINGSTON,Not NYC,Governor,9069,9919,622,19610,0.462,0.506,0.032
2010,MADISON,Not NYC,Governor,8657,10862,1614,21133,0.41,0.514,0.076
2010,MONROE,Not NYC,Governor,80363,141765,7753,229881,0.35,0.617,0.034
2010,MONTGOMERY,Not NYC,Governor,6487,6805,677,13969,0.464,0.487,0.048
2010,NASSAU,Not NYC,Governor,139432,233349,12915,385696,0.362,0.605,0.033
2010,NEW YORK,NYC,Governor,35295,300272,17013,352580,0.1,0.852,0.048
2010,NIAGARA,Not NYC,Governor,42553,21237,1949,65739,0.647,0.323,0.03
2010,ONEIDA,Not NYC,Governor,29469,35651,2848,67968,0.434,0.525,0.042
2010,ONONDAGA,Not NYC,Governor,46308,84281,12814,143403,0.323,0.588,0.089
2010,ONTARIO,Not NYC,Governor,14525,18436,1140,34101,0.426,0.541,0.033
2010,ORANGE,Not NYC,Governor,38938,53631,4089,96658,0.403,0.555,0.042
2010,ORLEANS,Not NYC,Governor,6716,4252,309,11277,0.596,0.377,0.027
2010,OSWEGO,Not NYC,Governor,12259,17101,2393,31753,0.386,0.539,0.075
2010,OTSEGO,Not NYC,Governor,7459,9899,809,18167,0.411,0.545,0.045
2010,PUTNAM,Not NYC,Governor,14309,16508,1113,31930,0.448,0.517,0.035
2010,QUEENS,NYC,Governor,62003,267266,12018,341287,0.182,0.783,0.035
2010,RENSSELAER,Not NYC,Governor,19886,30249,4092,54227,0.367,0.558,0.075
2010,RICHMOND,NYC,Governor,38895,55532,2844,97271,0.4,0.571,0.029
2010,ROCKLAND,Not NYC,Governor,32118,51334,2273,85725,0.375,0.599,0.027
2010,ST. LAWRENCE,Not NYC,Governor,9334,18685,1000,29019,0.322,0.644,0.034
2010,SARATOGA,Not NYC,Governor,32690,43535,5642,81867,0.399,0.532,0.069
2010,SCHENECTADY,Not NYC,Governor,17100,27942,3351,48393,0.353,0.577,0.069
2010,SCHOHARIE,Not NYC,Governor,5019,4874,627,10520,0.477,0.463,0.06
2010,SCHUYLER,Not NYC,Governor,2829,2922,202,5953,0.475,0.491,0.034
2010,SENECA,Not NYC,Governor,4066,5640,369,10075,0.404,0.56,0.037
2010,STEUBEN,Not NYC,Governor,13787,12928,805,27520,0.501,0.47,0.029
2010,SUFFOLK,Not NYC,Governor,152813,227374,13962,394149,0.388,0.577,0.035
2010,SULLIVAN,Not NYC,Governor,8363,11800,1174,21337,0.392,0.553,0.055
2010,TIOGA,Not NYC,Governor,8051,7467,594,16112,0.5,0.463,0.037
2010,TOMPKINS,Not NYC,Governor,7237,20314,1654,29205,0.248,0.696,0.057
2010,ULSTER,Not NYC,Governor,21027,35750,3470,60247,0.349,0.593,0.058
2010,WARREN,Not NYC,Governor,9365,12351,1300,23016,0.407,0.537,0.056
2010,WASHINGTON,Not NYC,Governor,7669,9485,1093,18247,0.42,0.52,0.06
2010,WAYNE,Not NYC,Governor,12442,13769,886,27097,0.459,0.508,0.033
2010,WESTCHESTER,Not NYC,Governor,80475,174746,8589,263810,0.305,0.662,0.033
2010,WYOMING,Not NYC,Governor,8678,3599,417,12694,0.684,0.284,0.033
2010,YATES,Not NYC,Governor,3239,3639,198,7076,0.458,0.514,0.028
2014,ALBANY,Not NYC,Governor,35061,38498,12762,86321,0.406,0.446,0.148
2014,ALLEGANY,Not NYC,Governor,8393,3036,462,11891,0.706,0.255,0.039
2014,BRONX,NYC,Governor,15288,120007,3472,138767,0.11,0.865,0.025
2014,BROOME,Not NYC,Governor,22353,26371,3426,52150,0.429,0.506,0.066
2014,CATTARAUGUS,Not NYC,Governor,11885,6425,716,19026,0.625,0.338,0.038
2014,CAYUGA,Not NYC,Governor,10570,9177,1414,21161,0.5,0.434,0.067
2014,CHAUTAUQUA,Not NYC,Governor,19771,13163,1340,34274,0.577,0.384,0.039
2014,CHEMUNG,Not NYC,Governor,13540,8535,690,22765,0.595,0.375,0.03
2014,CHENANGO,Not NYC,Governor,6784,4356,853,11993,0.566,0.363,0.071
2014,CLINTON,Not NYC,Governor,7697,10809,936,19442,0.396,0.556,0.048
2014,COLUMBIA,Not NYC,Governor,9772,8403,2387,20562,0.475,0.409,0.116
2014,CORTLAND,Not NYC,Governor,6224,4396,1158,11778,0.528,0.373,0.098
2014,DELAWARE,Not NYC,Governor,7446,4341,974,12761,0.583,0.34,0.076
2014,DUTCHESS,Not NYC,Governor,37832,33306,4397,75535,0.501,0.441,0.058
2014,ERIE,Not NYC,Governor,103801,125617,10302,239720,0.433,0.524,0.043
2014,ESSEX,Not NYC,Governor,4422,5722,668,10812,0.409,0.529,0.062
2014,FRANKLIN,Not NYC,Governor,4698,5057,615,10370,0.453,0.488,0.059
2014,FULTON,Not NYC,Governor,8907,3964,726,13597,0.655,0.292,0.053
2014,GENESEE,Not NYC,Governor,11320,4285,558,16163,0.7,0.265,0.035
2014,GREENE,Not NYC,Governor,9175,4920,1115,15210,0.603,0.323,0.073
2014,HAMILTON,Not NYC,Governor,1611,647,139,2397,0.672,0.27,0.058
2014,HERKIMER,Not NYC,Governor,8755,5325,1077,15157,0.578,0.351,0.071
2014,JEFFERSON,Not NYC,Governor,11853,10700,1172,23725,0.5,0.451,0.049
2014,KINGS,NYC,Governor,44726,236357,19927,301010,0.149,0.785,0.066
2014,LEWIS,Not NYC,Governor,4073,2343,381,6797,0.599,0.345,0.056
2014,LIVINGSTON,Not NYC,Governor,12663,4985,808,18456,0.686,0.27,0.044
2014,MADISON,Not NYC,Governor,9656,7135,1545,18336,0.527,0.389,0.084
2014,MONROE,Not NYC,Governor,96933,94595,10229,201757,0.48,0.469,0.051
2014,MONTGOMERY,Not NYC,Governor,7534,4464,761,12759,0.59,0.35,0.06
2014,NASSAU,Not NYC,Governor,140842,168570,9688,319100,0.441,0.528,0.03
2014,NEW YORK,NYC,Governor,32656,203080,19813,255549,0.128,0.795,0.078
2014,NIAGARA,Not NYC,Governor,28877,22622,1739,53238,0.542,0.425,0.033
2014,ONEIDA,Not NYC,Governor,25045,22621,3342,51008,0.491,0.443,0.066
2014,ONONDAGA,Not NYC,Governor,53487,69579,11587,134653,0.397,0.517,0.086
2014,ONTARIO,Not NYC,Governor,19336,11247,1540,32123,0.602,0.35,0.048
2014,ORANGE,Not NYC,Governor,45137,37617,3712,86466,0.522,0.435,0.043
2014,ORLEANS,Not NYC,Governor,6778,2318,319,9415,0.72,0.246,0.034
2014,OSWEGO,Not NYC,Governor,16033,11017,1850,28900,0.555,0.381,0.064
2014,OTSEGO,Not NYC,Governor,8032,6097,1812,15941,0.504,0.382,0.114
2014,PUTNAM,Not NYC,Governor,15042,11325,1089,27456,0.548,0.412,0.04
2014,QUEENS,NYC,Governor,50600,179742,10115,240457,0.21,0.748,0.042
2014,RENSSELAER,Not NYC,Governor,24848,16481,5125,46454,0.535,0.355,0.11
2014,RICHMOND,NYC,Governor,34180,43725,2080,79985,0.427,0.547,0.026
2014,ROCKLAND,Not NYC,Governor,32914,37453,2422,72789,0.452,0.515,0.033
2014,ST. LAWRENCE,Not NYC,Governor,11766,11407,1605,24778,0.475,0.46,0.065
2014,SARATOGA,Not NYC,Governor,37105,24866,6016,67987,0.546,0.366,0.088
2014,SCHENECTADY,Not NYC,Governor,21445,17713,4509,43667,0.491,0.406,0.103
2014,SCHOHARIE,Not NYC,Governor,6240,2741,847,9828,0.635,0.279,0.086
2014,SCHUYLER,Not NYC,Governor,3660,1890,431,5981,0.612,0.316,0.072
2014,SENECA,Not NYC,Governor,5263,3330,595,9188,0.573,0.362,0.065
2014,STEUBEN,Not NYC,Governor,18250,8458,898,27606,0.661,0.306,0.033
2014,SUFFOLK,Not NYC,Governor,156351,155031,12258,323640,0.483,0.479,0.038
2014,SULLIVAN,Not NYC,Governor,10005,6278,1096,17379,0.576,0.361,0.063
2014,TIOGA,Not NYC,Governor,7636,5082,798,13516,0.565,0.376,0.059
2014,TOMPKINS,Not NYC,Governor,7552,13850,4572,25974,0.291,0.533,0.176
2014,ULSTER,Not NYC,Governor,23934,22080,6174,52188,0.459,0.423,0.118
2014,WARREN,Not NYC,Governor,10605,6767,1721,19093,0.555,0.354,0.09
2014,WASHINGTON,Not NYC,Governor,8699,4866,1367,14932,0.583,0.326,0.092
2014,WAYNE,Not NYC,Governor,16690,7130,1095,24915,0.67,0.286,0.044
2014,WESTCHESTER,Not NYC,Governor,92441,123017,6820,222278,0.416,0.553,0.031
2014,WYOMING,Not NYC,Governor,8596,2455,323,11374,0.756,0.216,0.028
2014,YATES,Not NYC,Governor,4091,2086,359,6536,0.626,0.319,0.055
2018,ALBANY,Not NYC,Governor,45917,59692,8612,114221,0.402,0.523,0.075
2018,ALLEGANY,Not NYC,Governor,10132,3486,1270,14888,0.681,0.234,0.085
2018,BRONX,NYC,Governor,23079,260556,4721,288356,0.08,0.904,0.016
2018,BROOME,Not NYC,Governor,36583,31519,4172,72274,0.506,0.436,0.058
2018,CATTARAUGUS,Not NYC,Governor,15028,7034,1563,23625,0.636,0.298,0.066
2018,CAYUGA,Not NYC,Governor,14706,9783,2351,26840,0.548,0.364,0.088
2018,CHAUTAUQUA,Not NYC,Governor,25823,15447,2218,43488,0.594,0.355,0.051
2018,CHEMUNG,Not NYC,Governor,17294,10191,2238,29723,0.582,0.343,0.075
2018,CHENANGO,Not NYC,Governor,10259,5069,1268,16596,0.618,0.305,0.076
2018,CLINTON,Not NYC,Governor,13227,11485,1422,26134,0.506,0.439,0.054
2018,COLUMBIA,Not NYC,Governor,14253,13665,1351,29269,0.487,0.467,0.046
2018,CORTLAND,Not NYC,Governor,7953,6383,1908,16244,0.49,0.393,0.117
2018,DELAWARE,Not NYC,Governor,9934,5796,1396,17126,0.58,0.338,0.082
2018,DUTCHESS,Not NYC,Governor,59131,51179,3025,113335,0.522,0.452,0.027
2018,ERIE,Not NYC,Governor,150679,174766,14322,339767,0.443,0.514,0.042
2018,ESSEX,Not NYC,Governor,6705,6489,687,13881,0.483,0.467,0.049
2018,FRANKLIN,Not NYC,Governor,7007,5472,1551,14030,0.499,0.39,0.111
2018,FULTON,Not NYC,Governor,11901,4080,845,16826,0.707,0.242,0.05
2018,GENESEE,Not NYC,Governor,13967,5400,1714,21081,0.663,0.256,0.081
2018,GREENE,Not NYC,Governor,12088,6113,969,19170,0.631,0.319,0.051
2018,HAMILTON,Not NYC,Governor,1792,722,264,2778,0.645,0.26,0.095
2018,HERKIMER,Not NYC,Governor,14374,5924,1455,21753,0.661,0.272,0.067
2018,JEFFERSON,Not NYC,Governor,19064,8862,1891,29817,0.639,0.297,0.063
2018,KINGS,NYC,Governor,84648,524080,26355,635083,0.133,0.825,0.041
2018,LEWIS,Not NYC,Governor,6553,1854,649,9056,0.724,0.205,0.072
2018,LIVINGSTON,Not NYC,Governor,14627,7637,2082,24346,0.601,0.314,0.086
2018,MADISON,Not NYC,Governor,14616,9006,2286,25908,0.564,0.348,0.088
2018,MONROE,Not NYC,Governor,118909,143110,18247,280266,0.424,0.511,0.065
2018,MONTGOMERY,Not NYC,Governor,10153,4384,804,15341,0.662,0.286,0.052
2018,NASSAU,Not NYC,Governor,204399,281730,9188,495317,0.413,0.569,0.019
2018,NEW YORK,NYC,Governor,52677,460368,20954,533999,0.099,0.862,0.039
2018,NIAGARA,Not NYC,Governor,41242,27951,3140,72333,0.57,0.386,0.043
2018,ONEIDA,Not NYC,Governor,44938,27931,5796,78665,0.571,0.355,0.074
2018,ONONDAGA,Not NYC,Governor,74523,85182,15914,175619,0.424,0.485,0.091
2018,ONTARIO,Not NYC,Governor,23975,16618,3070,43663,0.549,0.381,0.07
2018,ORANGE,Not NYC,Governor,60901,56882,4798,122581,0.497,0.464,0.039
2018,ORLEANS,Not NYC,Governor,8893,3082,924,12899,0.689,0.239,0.072
2018,OSWEGO,Not NYC,Governor,23129,11844,3691,38664,0.598,0.306,0.095
2018,OTSEGO,Not NYC,Governor,11592,8151,1460,21203,0.547,0.384,0.069
2018,PUTNAM,Not NYC,Governor,20914,16556,1065,38535,0.543,0.43,0.028
2018,QUEENS,NYC,Governor,90533,391190,14208,495931,0.183,0.789,0.029
2018,RENSSELAER,Not NYC,Governor,32362,23633,4505,60500,0.535,0.391,0.074
2018,RICHMOND,NYC,Governor,67063,69116,2707,138886,0.483,0.498,0.019
2018,ROCKLAND,Not NYC,Governor,44020,54436,2749,101205,0.435,0.538,0.027
2018,ST. LAWRENCE,Not NYC,Governor,18632,11376,2491,32499,0.573,0.35,0.077
2018,SARATOGA,Not NYC,Governor,52337,37133,5860,95330,0.549,0.39,0.061
2018,SCHENECTADY,Not NYC,Governor,27474,23961,3491,54926,0.5,0.436,0.064
2018,SCHOHARIE,Not NYC,Governor,8190,3099,929,12218,0.67,0.254,0.076
2018,SCHUYLER,Not NYC,Governor,4024,2414,943,7381,0.545,0.327,0.128
2018,SENECA,Not NYC,Governor,6408,4164,1085,11657,0.55,0.357,0.093
2018,STEUBEN,Not NYC,Governor,21035,9310,3540,33885,0.621,0.275,0.104
2018,SUFFOLK,Not NYC,Governor,247169,274518,12069,533756,0.463,0.514,0.023
2018,SULLIVAN,Not NYC,Governor,12991,10486,1078,24555,0.529,0.427,0.044
2018,TIOGA,Not NYC,Governor,11045,5978,1264,18287,0.604,0.327,0.069
2018,TOMPKINS,Not NYC,Governor,8859,24325,3976,37160,0.238,0.655,0.107
2018,ULSTER,Not NYC,Governor,33509,41400,3752,78661,0.426,0.526,0.048
2018,WARREN,Not NYC,Governor,14745,9815,1548,26108,0.565,0.376,0.059
2018,WASHINGTON,Not NYC,Governor,12879,6411,1232,20522,0.628,0.312,0.06
2018,WAYNE,Not NYC,Governor,19574,9241,2554,31369,0.624,0.295,0.081
2018,WESTCHESTER,Not NYC,Governor,102180,222685,8537,333402,0.306,0.668,0.026
2018,WYOMING,Not NYC,Governor,9997,2612,763,13372,0.748,0.195,0.057
2018,YATES,Not NYC,Governor,4991,2558,618,8167,0.611,0.313,0.076
2022,ALBANY,Not NYC,Governor,47545,69035,385,116965,0.406,0.59,0.003
2022,ALLEGANY,Not NYC,Governor,11974,3868,46,15888,0.754,0.243,0.003
2022,BRONX,NYC,Governor,44948,155564,227,200739,0.224,0.775,0.001
2022,BROOME,Not NYC,Governor,38343,29799,88,68230,0.562,0.437,0.001
2022,CATTARAUGUS,Not NYC,Governor,18265,7795,31,26091,0.7,0.299,0.001
2022,CAYUGA,Not NYC,Governor,16725,10175,49,26949,0.621,0.378,0.002
2022,CHAUTAUQUA,Not NYC,Governor,28268,15237,56,43561,0.649,0.35,0.001
2022,CHEMUNG,Not NYC,Governor,18364,9474,72,27910,0.658,0.339,0.003
2022,CHENANGO,Not NYC,Governor,11871,4968,34,16873,0.704,0.294,0.002
2022,CLINTON,Not NYC,Governor,15590,11894,40,27524,0.566,0.432,0.001
2022,COLUMBIA,Not NYC,Governor,13605,16079,61,29745,0.457,0.541,0.002
2022,CORTLAND,Not NYC,Governor,9294,6812,43,16149,0.576,0.422,0.003
2022,DELAWARE,Not NYC,Governor,12095,6490,23,18608,0.65,0.349,0.001
2022,DUTCHESS,Not NYC,Governor,59486,55519,145,115150,0.517,0.482,0.001
2022,ERIE,Not NYC,Governor,160004,180626,679,341309,0.469,0.529,0.002
2022,ESSEX,Not NYC,Governor,8522,6992,22,15536,0.549,0.45,0.001
2022,FRANKLIN,Not NYC,Governor,9180,6003,14,15197,0.604,0.395,0.001
2022,FULTON,Not NYC,Governor,13591,5255,33,18879,0.72,0.278,0.002
2022,GENESEE,Not NYC,Governor,16003,6274,35,22312,0.717,0.281,0.002
2022,GREENE,Not NYC,Governor,12492,7651,22,20165,0.619,0.379,0.001
2022,HAMILTON,Not NYC,Governor,2051,831,0,2882,0.712,0.288,0
2022,HERKIMER,Not NYC,Governor,16529,5753,36,22318,0.741,0.258,0.002
2022,JEFFERSON,Not NYC,Governor,22523,9204,39,31766,0.709,0.29,0.001
2022,KINGS,NYC,Governor,163430,402114,973,566517,0.288,0.71,0.002
2022,LEWIS,Not NYC,Governor,8580,2068,7,10655,0.805,0.194,0.001
2022,LIVINGSTON,Not NYC,Governor,16168,8136,46,24350,0.664,0.334,0.002
2022,MADISON,Not NYC,Governor,15972,10192,101,26265,0.608,0.388,0.004
2022,MONROE,Not NYC,Governor,126637,148751,550,275938,0.459,0.539,0.002
2022,MONTGOMERY,Not NYC,Governor,10858,5028,38,15924,0.682,0.316,0.002
2022,NASSAU,Not NYC,Governor,286147,232036,457,518640,0.552,0.447,0.001
2022,NEW YORK,NYC,Governor,80159,372149,1003,453311,0.177,0.821,0.002
2022,NIAGARA,Not NYC,Governor,46627,29669,128,76424,0.61,0.388,0.002
2022,ONEIDA,Not NYC,Governor,49991,25358,170,75519,0.662,0.336,0.002
2022,ONONDAGA,Not NYC,Governor,78239,91410,328,169977,0.46,0.538,0.002
2022,ONTARIO,Not NYC,Governor,25979,20166,83,46228,0.562,0.436,0.002
2022,ORANGE,Not NYC,Governor,69558,54386,198,124142,0.56,0.438,0.002
2022,ORLEANS,Not NYC,Governor,10376,3292,20,13688,0.758,0.241,0.001
2022,OSWEGO,Not NYC,Governor,27094,13115,72,40281,0.673,0.326,0.002
2022,OTSEGO,Not NYC,Governor,13255,8795,52,22102,0.6,0.398,0.002
2022,PUTNAM,Not NYC,Governor,24898,16413,39,41350,0.602,0.397,0.001
2022,QUEENS,NYC,Governor,160279,277280,727,438286,0.366,0.633,0.002
2022,RENSSELAER,Not NYC,Governor,33749,28521,135,62405,0.541,0.457,0.002
2022,RICHMOND,NYC,Governor,93818,47135,180,141133,0.665,0.334,0.001
2022,ROCKLAND,Not NYC,Governor,61018,47854,157,109029,0.56,0.439,0.001
2022,ST. LAWRENCE,Not NYC,Governor,22687,11591,42,34320,0.661,0.338,0.001
2022,SARATOGA,Not NYC,Governor,55824,48183,166,104173,0.536,0.463,0.002
2022,SCHENECTADY,Not NYC,Governor,26772,27632,148,54552,0.491,0.507,0.003
2022,SCHOHARIE,Not NYC,Governor,8910,3923,27,12860,0.693,0.305,0.002
2022,SCHUYLER,Not NYC,Governor,5092,2661,25,7778,0.655,0.342,0.003
2022,SENECA,Not NYC,Governor,7002,4551,24,11577,0.605,0.393,0.002
2022,STEUBEN,Not NYC,Governor,24886,9666,56,34608,0.719,0.279,0.002
2022,SUFFOLK,Not NYC,Governor,330337,235736,418,566491,0.583,0.416,0.001
2022,SULLIVAN,Not NYC,Governor,15009,9759,19,24787,0.606,0.394,0.001
2022,TIOGA,Not NYC,Governor,12871,6117,27,19015,0.677,0.322,0.001
2022,TOMPKINS,Not NYC,Governor,9630,25319,83,35032,0.275,0.723,0.002
2022,ULSTER,Not NYC,Governor,33347,44583,139,78069,0.427,0.571,0.002
2022,WARREN,Not NYC,Governor,15761,12373,49,28183,0.559,0.439,0.002
2022,WASHINGTON,Not NYC,Governor,14155,7946,29,22130,0.64,0.359,0.001
2022,WAYNE,Not NYC,Governor,22823,10814,57,33694,0.677,0.321,0.002
2022,WESTCHESTER,Not NYC,Governor,130035,198202,282,328519,0.396,0.603,0.001
2022,WYOMING,Not NYC,Governor,11978,3292,27,15297,0.783,0.215,0.002
2022,YATES,Not NYC,Governor,5362,2901,28,8291,0.647,0.35,0.003
2000,ALBANY,Not NYC,President,47624,85644,8765,142033,0.335,0.603,0.062
2000,ALLEGANY,Not NYC,President,11436,6336,918,18690,0.612,0.339,0.049
2000,BRONX,NYC,President,36245,265801,6017,308063,0.118,0.863,0.02
2000,BROOME,Not NYC,President,36946,45381,4757,87084,0.424,0.521,0.055
2000,CATTARAUGUS,Not NYC,President,18382,13816,1535,33733,0.545,0.41,0.046
2000,CAYUGA,Not NYC,President,14988,17031,1959,33978,0.441,0.501,0.058
2000,CHAUTAUQUA,Not NYC,President,29064,27016,2642,58722,0.495,0.46,0.045
2000,CHEMUNG,Not NYC,President,18779,17424,1507,37710,0.498,0.462,0.04
2000,CHENANGO,Not NYC,President,10033,9112,1105,20250,0.495,0.45,0.055
2000,CLINTON,Not NYC,President,13274,15542,1743,30559,0.434,0.509,0.057
2000,COLUMBIA,Not NYC,President,13153,13489,2056,28698,0.458,0.47,0.072
2000,CORTLAND,Not NYC,President,9857,9691,1178,20726,0.476,0.468,0.057
2000,DELAWARE,Not NYC,President,10662,8450,1064,20176,0.528,0.419,0.053
2000,DUTCHESS,Not NYC,President,52669,52390,6712,111771,0.471,0.469,0.06
2000,ERIE,Not NYC,President,160176,240176,24302,424654,0.377,0.566,0.057
2000,ESSEX,Not NYC,President,8822,7927,1189,17938,0.492,0.442,0.066
2000,FRANKLIN,Not NYC,President,7643,8870,938,17451,0.438,0.508,0.054
2000,FULTON,Not NYC,President,11434,9314,927,21675,0.528,0.43,0.043
2000,GENESEE,Not NYC,President,14459,10191,1424,26074,0.555,0.391,0.055
2000,GREENE,Not NYC,President,11332,8480,1283,21095,0.537,0.402,0.061
2000,HAMILTON,Not NYC,President,2388,1114,180,3682,0.649,0.303,0.049
2000,HERKIMER,Not NYC,President,14147,12224,1334,27705,0.511,0.441,0.048
2000,JEFFERSON,Not NYC,President,18192,16799,1432,36423,0.499,0.461,0.039
2000,KINGS,NYC,President,96609,497513,23115,617237,0.157,0.806,0.037
2000,LEWIS,Not NYC,President,6103,4333,496,10932,0.558,0.396,0.045
2000,LIVINGSTON,Not NYC,President,15244,10476,1503,27223,0.56,0.385,0.055
2000,MADISON,Not NYC,President,14879,12017,1470,28366,0.525,0.424,0.052
2000,MONROE,Not NYC,President,141266,161743,14816,317825,0.444,0.509,0.047
2000,MONTGOMERY,Not NYC,President,9765,10249,795,20809,0.469,0.493,0.038
2000,NASSAU,Not NYC,President,227060,342226,21153,590439,0.385,0.58,0.036
2000,NEW YORK,NYC,President,82113,454523,34370,571006,0.144,0.796,0.06
2000,NIAGARA,Not NYC,President,40952,47781,4537,93270,0.439,0.512,0.049
2000,ONEIDA,Not NYC,President,47603,43933,4474,96010,0.496,0.458,0.047
2000,ONONDAGA,Not NYC,President,83678,109896,10069,203643,0.411,0.54,0.049
2000,ONTARIO,Not NYC,President,23885,19761,2303,45949,0.52,0.43,0.05
2000,ORANGE,Not NYC,President,62852,58170,5535,126557,0.497,0.46,0.044
2000,ORLEANS,Not NYC,President,9202,5991,651,15844,0.581,0.378,0.041
2000,OSWEGO,Not NYC,President,23249,22857,2373,48479,0.48,0.471,0.049
2000,OTSEGO,Not NYC,President,12219,11460,1679,25358,0.482,0.452,0.066
2000,PUTNAM,Not NYC,President,21853,18525,2176,42554,0.514,0.435,0.051
2000,QUEENS,NYC,President,122052,416967,16972,555991,0.22,0.75,0.031
2000,RENSSELAER,Not NYC,President,29562,34808,4066,68436,0.432,0.509,0.059
2000,RICHMOND,NYC,President,63903,73828,4398,142129,0.45,0.519,0.031
2000,ROCKLAND,Not NYC,President,48441,69530,4619,122590,0.395,0.567,0.038
2000,ST. LAWRENCE,Not NYC,President,16449,21386,1951,39786,0.413,0.538,0.049
2000,SARATOGA,Not NYC,President,46623,43359,5075,95057,0.49,0.456,0.053
2000,SCHENECTADY,Not NYC,President,27961,35534,3459,66954,0.418,0.531,0.052
2000,SCHOHARIE,Not NYC,President,7459,5390,705,13554,0.55,0.398,0.052
2000,SCHUYLER,Not NYC,President,4381,3301,471,8153,0.537,0.405,0.058
2000,SENECA,Not NYC,President,6734,6841,763,14338,0.47,0.477,0.053
2000,STEUBEN,Not NYC,President,24200,14600,1763,40563,0.597,0.36,0.043
2000,SUFFOLK,Not NYC,President,240992,306306,26646,573944,0.42,0.534,0.046
2000,SULLIVAN,Not NYC,President,12703,14348,1477,28528,0.445,0.503,0.052
2000,TIOGA,Not NYC,President,12239,9170,1048,22457,0.545,0.408,0.047
2000,TOMPKINS,Not NYC,President,13351,21807,4902,40060,0.333,0.544,0.122
2000,ULSTER,Not NYC,President,33447,38162,6628,78237,0.428,0.488,0.085
2000,WARREN,Not NYC,President,14993,12193,1435,28621,0.524,0.426,0.05
2000,WASHINGTON,Not NYC,President,12596,9641,1318,23555,0.535,0.409,0.056
2000,WAYNE,Not NYC,President,21701,14977,1651,38329,0.566,0.391,0.043
2000,WESTCHESTER,Not NYC,President,139278,218010,14525,371813,0.375,0.586,0.039
2000,WYOMING,Not NYC,President,10809,5999,825,17633,0.613,0.34,0.047
2000,YATES,Not NYC,President,5565,3962,532,10059,0.553,0.394,0.053
2004,ALBANY,Not NYC,President,54872,89323,3004,147199,0.373,0.607,0.02
2004,ALLEGANY,Not NYC,President,12310,6566,394,19270,0.639,0.341,0.02
2004,BRONX,NYC,President,56701,283994,2284,342979,0.165,0.828,0.007
2004,BROOME,Not NYC,President,43568,46281,2041,91890,0.474,0.504,0.022
2004,CATTARAUGUS,Not NYC,President,20051,13514,701,34266,0.585,0.394,0.02
2004,CAYUGA,Not NYC,President,17743,17534,775,36052,0.492,0.486,0.021
2004,CHAUTAUQUA,Not NYC,President,32434,27257,1253,60944,0.532,0.447,0.021
2004,CHEMUNG,Not NYC,President,21321,17080,674,39075,0.546,0.437,0.017
2004,CHENANGO,Not NYC,President,11582,9277,482,21341,0.543,0.435,0.023
2004,CLINTON,Not NYC,President,15330,17624,782,33736,0.454,0.522,0.023
2004,COLUMBIA,Not NYC,President,14457,15929,717,31103,0.465,0.512,0.023
2004,CORTLAND,Not NYC,President,11613,10670,477,22760,0.51,0.469,0.021
2004,DELAWARE,Not NYC,President,11958,8724,485,21167,0.565,0.412,0.023
2004,DUTCHESS,Not NYC,President,63372,58232,2277,123881,0.512,0.47,0.018
2004,ERIE,Not NYC,President,184423,251090,9625,445138,0.414,0.564,0.022
2004,ESSEX,Not NYC,President,9869,8768,445,19082,0.517,0.459,0.023
2004,FRANKLIN,Not NYC,President,8383,9543,390,18316,0.458,0.521,0.021
2004,FULTON,Not NYC,President,12570,9202,443,22215,0.566,0.414,0.02
2004,GENESEE,Not NYC,President,16725,10331,524,27580,0.606,0.375,0.019
2004,GREENE,Not NYC,President,12996,8933,469,22398,0.58,0.399,0.021
2004,HAMILTON,Not NYC,President,2475,1145,75,3695,0.67,0.31,0.02
2004,HERKIMER,Not NYC,President,16024,11675,611,28310,0.566,0.412,0.022
2004,JEFFERSON,Not NYC,President,21231,16860,709,38800,0.547,0.435,0.018
2004,KINGS,NYC,President,167149,514973,5762,687884,0.243,0.749,0.008
2004,LEWIS,Not NYC,President,6624,4546,227,11397,0.581,0.399,0.02
2004,LIVINGSTON,Not NYC,President,17729,11504,715,29948,0.592,0.384,0.024
2004,MADISON,Not NYC,President,16537,13121,629,30287,0.546,0.433,0.021
2004,MONROE,Not NYC,President,163545,173497,6022,343064,0.477,0.506,0.018
2004,MONTGOMERY,Not NYC,President,11338,9449,434,21221,0.534,0.445,0.02
2004,NASSAU,Not NYC,President,288355,323070,6918,618343,0.466,0.522,0.011
2004,NEW YORK,NYC,President,107405,526765,7781,641951,0.167,0.821,0.012
2004,NIAGARA,Not NYC,President,47111,47602,1867,96580,0.488,0.493,0.019
2004,ONEIDA,Not NYC,President,52392,40792,2197,95381,0.549,0.428,0.023
2004,ONONDAGA,Not NYC,President,94006,116381,4238,214625,0.438,0.542,0.02
2004,ONTARIO,Not NYC,President,27999,21166,945,50110,0.559,0.422,0.019
2004,ORANGE,Not NYC,President,79089,63394,2190,144673,0.547,0.438,0.015
2004,ORLEANS,Not NYC,President,10317,5959,301,16577,0.622,0.359,0.018
2004,OSWEGO,Not NYC,President,26325,24133,1149,51607,0.51,0.468,0.022
2004,OTSEGO,Not NYC,President,13342,12723,587,26652,0.501,0.477,0.022
2004,PUTNAM,Not NYC,President,26356,19575,640,46571,0.566,0.42,0.014
2004,QUEENS,NYC,President,165954,433835,5603,605392,0.274,0.717,0.009
2004,RENSSELAER,Not NYC,President,34734,36075,1705,72514,0.479,0.497,0.024
2004,RICHMOND,NYC,President,90325,68448,1370,160143,0.564,0.427,0.009
2004,ROCKLAND,Not NYC,President,65130,64191,1910,131231,0.496,0.489,0.015
2004,ST. LAWRENCE,Not NYC,President,18029,22857,875,41761,0.432,0.547,0.021
2004,SARATOGA,Not NYC,President,56158,48730,1985,106873,0.525,0.456,0.019
2004,SCHENECTADY,Not NYC,President,32066,35971,1432,69469,0.462,0.518,0.021
2004,SCHOHARIE,Not NYC,President,8591,5630,338,14559,0.59,0.387,0.023
2004,SCHUYLER,Not NYC,President,4960,3445,185,8590,0.577,0.401,0.022
2004,SENECA,Not NYC,President,7981,6979,365,15325,0.521,0.455,0.024
2004,STEUBEN,Not NYC,President,26980,14523,781,42284,0.638,0.343,0.018
2004,SUFFOLK,Not NYC,President,309949,315909,12854,638712,0.485,0.495,0.02
2004,SULLIVAN,Not NYC,President,15319,15034,613,30966,0.495,0.486,0.02
2004,TIOGA,Not NYC,President,13762,9694,446,23902,0.576,0.406,0.019
2004,TOMPKINS,Not NYC,President,13994,27229,1198,42421,0.33,0.642,0.028
2004,ULSTER,Not NYC,President,37821,47602,2289,87712,0.431,0.543,0.026
2004,WARREN,Not NYC,President,16969,13405,685,31059,0.546,0.432,0.022
2004,WASHINGTON,Not NYC,President,13827,10624,652,25103,0.551,0.423,0.026
2004,WAYNE,Not NYC,President,24709,15709,802,41220,0.599,0.381,0.019
2004,WESTCHESTER,Not NYC,President,159628,229849,6293,395770,0.403,0.581,0.016
2004,WYOMING,Not NYC,President,11745,6134,290,18169,0.646,0.338,0.016
2004,YATES,Not NYC,President,6309,4205,197,10711,0.589,0.393,0.018
2008,ALBANY,Not NYC,President,50586,93937,2743,147266,0.344,0.638,0.019
2008,ALLEGANY,Not NYC,President,11013,7016,377,18406,0.598,0.381,0.02
2008,BRONX,NYC,President,41683,338261,1378,381322,0.109,0.887,0.004
2008,BROOME,Not NYC,President,40077,47204,1556,88837,0.451,0.531,0.018
2008,CATTARAUGUS,Not NYC,President,17770,14307,540,32617,0.545,0.439,0.017
2008,CAYUGA,Not NYC,President,15243,18128,651,34022,0.448,0.533,0.019
2008,CHAUTAUQUA,Not NYC,President,28579,29129,1094,58802,0.486,0.495,0.019
2008,CHEMUNG,Not NYC,President,19364,18888,443,38695,0.5,0.488,0.011
2008,CHENANGO,Not NYC,President,10337,10100,410,20847,0.496,0.484,0.02
2008,CLINTON,Not NYC,President,12579,20216,542,33337,0.377,0.606,0.016
2008,COLUMBIA,Not NYC,President,13337,17556,540,31433,0.424,0.559,0.017
2008,CORTLAND,Not NYC,President,9678,11861,381,21920,0.442,0.541,0.017
2008,DELAWARE,Not NYC,President,10524,9462,403,20389,0.516,0.464,0.02
2008,DUTCHESS,Not NYC,President,59628,71060,1614,132302,0.451,0.537,0.012
2008,ERIE,Not NYC,President,178815,256299,6871,441985,0.405,0.58,0.016
2008,ESSEX,Not NYC,President,7913,10390,292,18595,0.426,0.559,0.016
2008,FRANKLIN,Not NYC,President,6676,10571,273,17520,0.381,0.603,0.016
2008,FULTON,Not NYC,President,11709,9695,420,21824,0.537,0.444,0.019
2008,GENESEE,Not NYC,President,15705,10762,423,26890,0.584,0.4,0.016
2008,GREENE,Not NYC,President,12059,9850,426,22335,0.54,0.441,0.019
2008,HAMILTON,Not NYC,President,2141,1225,45,3411,0.628,0.359,0.013
2008,HERKIMER,Not NYC,President,14619,12094,471,27184,0.538,0.445,0.017
2008,JEFFERSON,Not NYC,President,20220,18166,500,38886,0.52,0.467,0.013
2008,KINGS,NYC,President,151872,603525,4451,759848,0.2,0.794,0.006
2008,LEWIS,Not NYC,President,5969,4986,183,11138,0.536,0.448,0.016
2008,LIVINGSTON,Not NYC,President,16030,13655,464,30149,0.532,0.453,0.015
2008,MADISON,Not NYC,President,14434,14692,676,29802,0.484,0.493,0.023
2008,MONROE,Not NYC,President,144262,207371,4791,356424,0.405,0.582,0.013
2008,MONTGOMERY,Not NYC,President,10711,9080,384,20175,0.531,0.45,0.019
2008,NASSAU,Not NYC,President,288776,342185,4657,635618,0.454,0.538,0.007
2008,NEW YORK,NYC,President,89949,572370,5566,667885,0.135,0.857,0.008
2008,NIAGARA,Not NYC,President,46348,47303,1621,95272,0.486,0.497,0.017
2008,ONEIDA,Not NYC,President,49256,43506,1603,94365,0.522,0.461,0.017
2008,ONONDAGA,Not NYC,President,84972,129317,3950,218239,0.389,0.593,0.018
2008,ONTARIO,Not NYC,President,25171,25103,746,51020,0.493,0.492,0.015
2008,ORANGE,Not NYC,President,72042,78326,1614,151982,0.474,0.515,0.011
2008,ORLEANS,Not NYC,President,9708,6614,262,16584,0.585,0.399,0.016
2008,OSWEGO,Not NYC,President,23571,24777,1001,49349,0.478,0.502,0.02
2008,OTSEGO,Not NYC,President,12026,13570,525,26121,0.46,0.52,0.02
2008,PUTNAM,Not NYC,President,25145,21613,486,47244,0.532,0.457,0.01
2008,QUEENS,NYC,President,155221,480692,4224,640137,0.242,0.751,0.007
2008,RENSSELAER,Not NYC,President,32840,39753,1393,73986,0.444,0.537,0.019
2008,RICHMOND,NYC,President,86062,79311,1205,166578,0.517,0.476,0.007
2008,ROCKLAND,Not NYC,President,61752,69543,898,132193,0.467,0.526,0.007
2008,ST. LAWRENCE,Not NYC,President,16956,23706,664,41326,0.41,0.574,0.016
2008,SARATOGA,Not NYC,President,52855,56645,1887,111387,0.475,0.509,0.017
2008,SCHENECTADY,Not NYC,President,29758,38611,1473,69842,0.426,0.553,0.021
2008,SCHOHARIE,Not NYC,President,8071,6009,322,14402,0.56,0.417,0.022
2008,SCHUYLER,Not NYC,President,4542,3933,125,8600,0.528,0.457,0.015
2008,SENECA,Not NYC,President,7038,7422,281,14741,0.477,0.503,0.019
2008,STEUBEN,Not NYC,President,24203,17148,560,41911,0.577,0.409,0.013
2008,SUFFOLK,Not NYC,President,307021,346549,6209,659779,0.465,0.525,0.009
2008,SULLIVAN,Not NYC,President,13900,16850,433,31183,0.446,0.54,0.014
2008,TIOGA,Not NYC,President,12536,10172,423,23131,0.542,0.44,0.018
2008,TOMPKINS,Not NYC,President,11927,29826,799,42552,0.28,0.701,0.019
2008,ULSTER,Not NYC,President,33300,54320,1529,89149,0.374,0.609,0.017
2008,WARREN,Not NYC,President,15429,16281,535,32245,0.478,0.505,0.017
2008,WASHINGTON,Not NYC,President,12533,12741,456,25730,0.487,0.495,0.018
2008,WAYNE,Not NYC,President,22239,18184,622,41045,0.542,0.443,0.015
2008,WESTCHESTER,Not NYC,President,147824,261810,3410,413044,0.358,0.634,0.008
2008,WYOMING,Not NYC,President,10998,6379,290,17667,0.623,0.361,0.016
2008,YATES,Not NYC,President,5269,4890,121,10280,0.513,0.476,0.012
2012,ALBANY,Not NYC,President,45064,87556,3147,135767,0.332,0.645,0.023
2012,ALLEGANY,Not NYC,President,10390,6139,424,16953,0.613,0.362,0.025
2012,BRONX,NYC,President,29967,339211,1760,370938,0.081,0.914,0.005
2012,BROOME,Not NYC,President,37641,41970,1954,81565,0.461,0.515,0.024
2012,CATTARAUGUS,Not NYC,President,16569,12649,549,29767,0.557,0.425,0.018
2012,CAYUGA,Not NYC,President,13454,17007,700,31161,0.432,0.546,0.022
2012,CHAUTAUQUA,Not NYC,President,27971,23812,1069,52852,0.529,0.451,0.02
2012,CHEMUNG,Not NYC,President,17612,16797,601,35010,0.503,0.48,0.017
2012,CHENANGO,Not NYC,President,9713,9116,485,19314,0.503,0.472,0.025
2012,CLINTON,Not NYC,President,11115,18961,580,30656,0.363,0.619,0.019
2012,COLUMBIA,Not NYC,President,12225,16221,683,29129,0.42,0.557,0.023
2012,CORTLAND,Not NYC,President,8695,10482,447,19624,0.443,0.534,0.023
2012,DELAWARE,Not NYC,President,9938,8304,396,18638,0.533,0.446,0.021
2012,DUTCHESS,Not NYC,President,56025,65312,2368,123705,0.453,0.528,0.019
2012,ERIE,Not NYC,President,169675,237356,7164,414195,0.41,0.573,0.017
2012,ESSEX,Not NYC,President,6647,9784,286,16717,0.398,0.585,0.017
2012,FRANKLIN,Not NYC,President,5740,9894,300,15934,0.36,0.621,0.019
2012,FULTON,Not NYC,President,10814,8607,378,19799,0.546,0.435,0.019
2012,GENESEE,Not NYC,President,14607,9601,538,24746,0.59,0.388,0.022
2012,GREENE,Not NYC,President,11174,9030,464,20668,0.541,0.437,0.022
2012,HAMILTON,Not NYC,President,1932,1128,53,3113,0.621,0.362,0.017
2012,HERKIMER,Not NYC,President,13282,11273,485,25040,0.53,0.45,0.019
2012,JEFFERSON,Not NYC,President,18122,17099,487,35708,0.508,0.479,0.014
2012,KINGS,NYC,President,124551,604443,7988,736982,0.169,0.82,0.011
2012,LEWIS,Not NYC,President,5651,4724,147,10522,0.537,0.449,0.014
2012,LIVINGSTON,Not NYC,President,14448,11705,617,26770,0.54,0.437,0.023
2012,MADISON,Not NYC,President,13622,13871,601,28094,0.485,0.494,0.021
2012,MONROE,Not NYC,President,133362,193501,6950,333813,0.4,0.58,0.021
2012,MONTGOMERY,Not NYC,President,9334,8493,359,18186,0.513,0.467,0.02
2012,NASSAU,Not NYC,President,259308,302695,6148,568151,0.456,0.533,0.011
2012,NEW YORK,NYC,President,89559,502674,8058,600291,0.149,0.837,0.013
2012,NIAGARA,Not NYC,President,43240,43986,1787,89013,0.486,0.494,0.02
2012,ONEIDA,Not NYC,President,44530,40468,1702,86700,0.514,0.467,0.02
2012,ONONDAGA,Not NYC,President,78831,122254,3632,204717,0.385,0.597,0.018
2012,ONTARIO,Not NYC,President,23820,23087,946,47853,0.498,0.482,0.02
2012,ORANGE,Not NYC,President,65367,73315,1946,140628,0.465,0.521,0.014
2012,ORLEANS,Not NYC,President,8594,5787,325,14706,0.584,0.394,0.022
2012,OSWEGO,Not NYC,President,19980,23515,1096,44591,0.448,0.527,0.025
2012,OTSEGO,Not NYC,President,11461,12117,561,24139,0.475,0.502,0.023
2012,PUTNAM,Not NYC,President,24083,19512,750,44345,0.543,0.44,0.017
2012,QUEENS,NYC,President,118589,470732,5924,595245,0.199,0.791,0.01
2012,RENSSELAER,Not NYC,President,29113,37408,1540,68061,0.428,0.55,0.023
2012,RICHMOND,NYC,President,74223,78181,1776,154180,0.481,0.507,0.012
2012,ROCKLAND,Not NYC,President,57428,65793,1424,124645,0.461,0.528,0.011
2012,ST. LAWRENCE,Not NYC,President,15138,21353,700,37191,0.407,0.574,0.019
2012,SARATOGA,Not NYC,President,50382,52957,2171,105510,0.478,0.502,0.021
2012,SCHENECTADY,Not NYC,President,26568,36844,1521,64933,0.409,0.567,0.023
2012,SCHOHARIE,Not NYC,President,7467,5427,313,13207,0.565,0.411,0.024
2012,SCHUYLER,Not NYC,President,4281,3674,191,8146,0.526,0.451,0.023
2012,SENECA,Not NYC,President,5889,7094,283,13266,0.444,0.535,0.021
2012,STEUBEN,Not NYC,President,21954,15787,790,38531,0.57,0.41,0.021
2012,SUFFOLK,Not NYC,President,282131,304079,8056,594266,0.475,0.512,0.014
2012,SULLIVAN,Not NYC,President,12705,15268,442,28415,0.447,0.537,0.016
2012,TIOGA,Not NYC,President,12117,8930,542,21589,0.561,0.414,0.025
2012,TOMPKINS,Not NYC,President,11107,27244,1430,39781,0.279,0.685,0.036
2012,ULSTER,Not NYC,President,29759,47752,2115,79626,0.374,0.6,0.027
2012,WARREN,Not NYC,President,14119,14806,653,29578,0.477,0.501,0.022
2012,WASHINGTON,Not NYC,President,11085,11523,487,23095,0.48,0.499,0.021
2012,WAYNE,Not NYC,President,20060,16635,852,37547,0.534,0.443,0.023
2012,WESTCHESTER,Not NYC,President,143122,240785,4540,388447,0.368,0.62,0.012
2012,WYOMING,Not NYC,President,10348,5661,326,16335,0.633,0.347,0.02
2012,YATES,Not NYC,President,4798,4488,156,9442,0.508,0.475,0.017
2016,ALBANY,Not NYC,President,47808,83071,8939,139818,0.342,0.594,0.064
2016,ALLEGANY,Not NYC,President,12525,4882,1285,18692,0.67,0.261,0.069
2016,BRONX,NYC,President,37797,353646,8079,399522,0.095,0.885,0.02
2016,BROOME,Not NYC,President,40943,39212,5917,86072,0.476,0.456,0.069
2016,CATTARAUGUS,Not NYC,President,19692,9497,1972,31161,0.632,0.305,0.063
2016,CAYUGA,Not NYC,President,17384,13522,2266,33172,0.524,0.408,0.068
2016,CHAUTAUQUA,Not NYC,President,31594,19091,3549,54234,0.583,0.352,0.065
2016,CHEMUNG,Not NYC,President,20097,13757,2265,36119,0.556,0.381,0.063
2016,CHENANGO,Not NYC,President,11921,6775,1464,20160,0.591,0.336,0.073
2016,CLINTON,Not NYC,President,14449,15059,2597,32105,0.45,0.469,0.081
2016,COLUMBIA,Not NYC,President,13756,15284,1862,30902,0.445,0.495,0.06
2016,CORTLAND,Not NYC,President,9900,8771,1573,20244,0.489,0.433,0.078
2016,DELAWARE,Not NYC,President,11942,6627,1223,19792,0.603,0.335,0.062
2016,DUTCHESS,Not NYC,President,61821,62285,6912,131018,0.472,0.475,0.053
2016,ERIE,Not NYC,President,188303,215456,19866,423625,0.445,0.509,0.047
2016,ESSEX,Not NYC,President,7958,7762,1498,17218,0.462,0.451,0.087
2016,FRANKLIN,Not NYC,President,8221,7297,1434,16952,0.485,0.43,0.085
2016,FULTON,Not NYC,President,13462,6496,1256,21214,0.635,0.306,0.059
2016,GENESEE,Not NYC,President,16915,7650,1867,26432,0.64,0.289,0.071
2016,GREENE,Not NYC,President,13073,7405,1572,22050,0.593,0.336,0.071
2016,HAMILTON,Not NYC,President,2064,949,212,3225,0.64,0.294,0.066
2016,HERKIMER,Not NYC,President,16699,8083,1473,26255,0.636,0.308,0.056
2016,JEFFERSON,Not NYC,President,21763,13809,2664,38236,0.569,0.361,0.07
2016,KINGS,NYC,President,141044,640553,24008,805605,0.175,0.795,0.03
2016,LEWIS,Not NYC,President,7400,3146,779,11325,0.653,0.278,0.069
2016,LIVINGSTON,Not NYC,President,17290,10697,2044,30031,0.576,0.356,0.068
2016,MADISON,Not NYC,President,15936,11667,2461,30064,0.53,0.388,0.082
2016,MONROE,Not NYC,President,136582,188592,22616,347790,0.393,0.542,0.065
2016,MONTGOMERY,Not NYC,President,11301,6595,1158,19054,0.593,0.346,0.061
2016,NASSAU,Not NYC,President,292025,332154,22943,647122,0.451,0.513,0.035
2016,NEW YORK,NYC,President,64930,579013,24997,668940,0.097,0.866,0.037
2016,NIAGARA,Not NYC,President,51961,35559,4882,92402,0.562,0.385,0.053
2016,ONEIDA,Not NYC,President,51437,33743,5829,91009,0.565,0.371,0.064
2016,ONONDAGA,Not NYC,President,83649,112337,12454,208440,0.401,0.539,0.06
2016,ONTARIO,Not NYC,President,26029,22233,4265,52527,0.496,0.423,0.081
2016,ORANGE,Not NYC,President,76645,68278,7098,152021,0.504,0.449,0.047
2016,ORLEANS,Not NYC,President,10936,4470,974,16380,0.668,0.273,0.059
2016,OSWEGO,Not NYC,President,27688,17095,3397,48180,0.575,0.355,0.071
2016,OTSEGO,Not NYC,President,13308,10451,1909,25668,0.518,0.407,0.074
2016,PUTNAM,Not NYC,President,27024,19366,2173,48563,0.556,0.399,0.045
2016,QUEENS,NYC,President,149341,517220,19832,686393,0.218,0.754,0.029
2016,RENSSELAER,Not NYC,President,33726,32717,5119,71562,0.471,0.457,0.072
2016,RICHMOND,NYC,President,101437,74143,5380,180960,0.561,0.41,0.03
2016,ROCKLAND,Not NYC,President,60911,69342,4834,135087,0.451,0.513,0.036
2016,ST. LAWRENCE,Not NYC,President,19942,16488,2728,39158,0.509,0.421,0.07
2016,SARATOGA,Not NYC,President,54575,50913,8606,114094,0.478,0.446,0.075
2016,SCHENECTADY,Not NYC,President,28953,33747,4580,67280,0.43,0.502,0.068
2016,SCHOHARIE,Not NYC,President,8831,4240,979,14050,0.629,0.302,0.07
2016,SCHUYLER,Not NYC,President,5050,3091,631,8772,0.576,0.352,0.072
2016,SENECA,Not NYC,President,7236,5697,1047,13980,0.518,0.408,0.075
2016,STEUBEN,Not NYC,President,26831,12526,2645,42002,0.639,0.298,0.063
2016,SUFFOLK,Not NYC,President,350570,303951,26733,681254,0.515,0.446,0.039
2016,SULLIVAN,Not NYC,President,15931,12568,1456,29955,0.532,0.42,0.049
2016,TIOGA,Not NYC,President,13260,7526,1513,22299,0.595,0.338,0.068
2016,TOMPKINS,Not NYC,President,10371,28890,3417,42678,0.243,0.677,0.08
2016,ULSTER,Not NYC,President,35239,44597,5454,85290,0.413,0.523,0.064
2016,WARREN,Not NYC,President,15751,13091,2566,31408,0.501,0.417,0.082
2016,WASHINGTON,Not NYC,President,13610,9098,1820,24528,0.555,0.371,0.074
2016,WAYNE,Not NYC,President,23380,13473,2834,39687,0.589,0.339,0.071
2016,WESTCHESTER,Not NYC,President,131238,272926,16491,420655,0.312,0.649,0.039
2016,WYOMING,Not NYC,President,12442,3904,952,17298,0.719,0.226,0.055
2016,YATES,Not NYC,President,5660,3659,747,10066,0.562,0.364,0.074
2020,ALBANY,Not NYC,President,51081,99474,3546,154101,0.331,0.646,0.023
2020,ALLEGANY,Not NYC,President,14135,6048,599,20782,0.68,0.291,0.029
2020,BRONX,NYC,President,67740,355374,3579,426693,0.159,0.833,0.008
2020,BROOME,Not NYC,President,43791,47002,2223,93016,0.471,0.505,0.024
2020,CATTARAUGUS,Not NYC,President,22155,11879,726,34760,0.637,0.342,0.021
2020,CAYUGA,Not NYC,President,19632,16359,818,36809,0.533,0.444,0.022
2020,CHAUTAUQUA,Not NYC,President,34853,23088,1364,59305,0.588,0.389,0.023
2020,CHEMUNG,Not NYC,President,21922,16636,852,39410,0.556,0.422,0.022
2020,CHENANGO,Not NYC,President,13496,8300,554,22350,0.604,0.371,0.025
2020,CLINTON,Not NYC,President,16514,18364,559,35437,0.466,0.518,0.016
2020,COLUMBIA,Not NYC,President,14464,20386,760,35610,0.406,0.572,0.021
2020,CORTLAND,Not NYC,President,10789,10370,520,21679,0.498,0.478,0.024
2020,DELAWARE,Not NYC,President,13387,9143,495,23025,0.581,0.397,0.021
2020,DUTCHESS,Not NYC,President,66872,81443,2807,151122,0.443,0.539,0.019
2020,ERIE,Not NYC,President,197552,267270,8596,473418,0.417,0.565,0.018
2020,ESSEX,Not NYC,President,8982,9950,348,19280,0.466,0.516,0.018
2020,FRANKLIN,Not NYC,President,9668,9253,347,19268,0.502,0.48,0.018
2020,FULTON,Not NYC,President,15378,7931,409,23718,0.648,0.334,0.017
2020,GENESEE,Not NYC,President,18876,9625,716,29217,0.646,0.329,0.025
2020,GREENE,Not NYC,President,14271,10346,577,25194,0.566,0.411,0.023
2020,HAMILTON,Not NYC,President,2225,1178,57,3460,0.643,0.34,0.016
2020,HERKIMER,Not NYC,President,18871,9939,512,29322,0.644,0.339,0.017
2020,JEFFERSON,Not NYC,President,25629,17307,919,43855,0.584,0.395,0.021
2020,KINGS,NYC,President,202772,703310,9927,916009,0.221,0.768,0.011
2020,LEWIS,Not NYC,President,8890,3823,251,12964,0.686,0.295,0.019
2020,LIVINGSTON,Not NYC,President,18182,12477,742,31401,0.579,0.397,0.024
2020,MADISON,Not NYC,President,18409,14805,821,34035,0.541,0.435,0.024
2020,MONROE,Not NYC,President,145661,225746,9582,380989,0.382,0.593,0.025
2020,MONTGOMERY,Not NYC,President,12745,7977,442,21164,0.602,0.377,0.021
2020,NASSAU,Not NYC,President,326716,396504,9536,732756,0.446,0.541,0.013
2020,NEW YORK,NYC,President,85185,603040,9588,697813,0.122,0.864,0.014
2020,NIAGARA,Not NYC,President,56068,46029,2026,104123,0.538,0.442,0.019
2020,ONEIDA,Not NYC,President,57860,41973,2163,101996,0.567,0.412,0.021
2020,ONONDAGA,Not NYC,President,91715,138991,5362,236068,0.389,0.589,0.023
2020,ONTARIO,Not NYC,President,28782,28749,1769,59300,0.485,0.485,0.03
2020,ORANGE,Not NYC,President,85068,84955,2516,172539,0.493,0.492,0.015
2020,ORLEANS,Not NYC,President,12126,5587,441,18154,0.668,0.308,0.024
2020,OSWEGO,Not NYC,President,32142,21145,1211,54498,0.59,0.388,0.022
2020,OTSEGO,Not NYC,President,14382,12975,723,28080,0.512,0.462,0.026
2020,PUTNAM,Not NYC,President,29283,24955,884,55122,0.531,0.453,0.016
2020,QUEENS,NYC,President,212665,569038,8278,789981,0.269,0.72,0.01
2020,RENSSELAER,Not NYC,President,36500,40969,1940,79409,0.46,0.516,0.024
2020,RICHMOND,NYC,President,123320,90997,2450,216767,0.569,0.42,0.011
2020,ROCKLAND,Not NYC,President,73186,75802,1714,150702,0.486,0.503,0.011
2020,ST. LAWRENCE,Not NYC,President,24608,19361,938,44907,0.548,0.431,0.021
2020,SARATOGA,Not NYC,President,61305,68471,2879,132655,0.462,0.516,0.022
2020,SCHENECTADY,Not NYC,President,30741,42465,1841,75047,0.41,0.566,0.025
2020,SCHOHARIE,Not NYC,President,9903,5345,462,15710,0.63,0.34,0.029
2020,SCHUYLER,Not NYC,President,5621,3903,242,9766,0.576,0.4,0.025
2020,SENECA,Not NYC,President,8329,6914,389,15632,0.533,0.442,0.025
2020,STEUBEN,Not NYC,President,29474,15790,915,46179,0.638,0.342,0.02
2020,SUFFOLK,Not NYC,President,381253,381021,11013,773287,0.493,0.493,0.014
2020,SULLIVAN,Not NYC,President,18665,15489,493,34647,0.539,0.447,0.014
2020,TIOGA,Not NYC,President,14791,9634,611,25036,0.591,0.385,0.024
2020,TOMPKINS,Not NYC,President,11096,33619,1020,45735,0.243,0.735,0.022
2020,ULSTER,Not NYC,President,37590,57970,1860,97420,0.386,0.595,0.019
2020,WARREN,Not NYC,President,17699,17642,808,36149,0.49,0.488,0.022
2020,WASHINGTON,Not NYC,President,15941,11565,632,28138,0.567,0.411,0.022
2020,WAYNE,Not NYC,President,26204,17456,1067,44727,0.586,0.39,0.024
2020,WESTCHESTER,Not NYC,President,144731,312437,5196,462364,0.313,0.676,0.011
2020,WYOMING,Not NYC,President,13898,5073,461,19432,0.715,0.261,0.024
2020,YATES,Not NYC,President,6208,4219,296,10723,0.579,0.393,0.028
2000,ALBANY,Not NYC,Senate,56485,81867,3039,141391,0.399,0.579,0.021
2000,ALLEGANY,Not NYC,Senate,11255,6364,415,18034,0.624,0.353,0.023
2000,BRONX,NYC,Senate,44078,261378,2419,307875,0.143,0.849,0.008
2000,BROOME,Not NYC,Senate,42760,41819,2046,86625,0.494,0.483,0.024
2000,CATTARAUGUS,Not NYC,Senate,18539,13955,881,33375,0.555,0.418,0.026
2000,CAYUGA,Not NYC,Senate,16203,16931,722,33856,0.479,0.5,0.021
2000,CHAUTAUQUA,Not NYC,Senate,31184,25787,1113,58084,0.537,0.444,0.019
2000,CHEMUNG,Not NYC,Senate,20381,16419,572,37372,0.545,0.439,0.015
2000,CHENANGO,Not NYC,Senate,11110,8546,502,20158,0.551,0.424,0.025
2000,CLINTON,Not NYC,Senate,15185,14343,703,30231,0.502,0.474,0.023
2000,COLUMBIA,Not NYC,Senate,14859,12685,789,28333,0.524,0.448,0.028
2000,CORTLAND,Not NYC,Senate,10736,9472,427,20635,0.52,0.459,0.021
2000,DELAWARE,Not NYC,Senate,11523,7918,511,19952,0.578,0.397,0.026
2000,DUTCHESS,Not NYC,Senate,62393,45658,2450,110501,0.565,0.413,0.022
2000,ERIE,Not NYC,Senate,177168,237770,8543,423481,0.418,0.561,0.02
2000,ESSEX,Not NYC,Senate,10012,7222,474,17708,0.565,0.408,0.027
2000,FRANKLIN,Not NYC,Senate,8229,8665,341,17235,0.477,0.503,0.02
2000,FULTON,Not NYC,Senate,12322,8739,399,21460,0.574,0.407,0.019
2000,GENESEE,Not NYC,Senate,15198,9947,620,25765,0.59,0.386,0.024
2000,GREENE,Not NYC,Senate,12621,7821,522,20964,0.602,0.373,0.025
2000,HAMILTON,Not NYC,Senate,2474,1119,60,3653,0.677,0.306,0.016
2000,HERKIMER,Not NYC,Senate,14880,12007,616,27503,0.541,0.437,0.022
2000,JEFFERSON,Not NYC,Senate,17121,16044,2972,36137,0.474,0.444,0.082
2000,KINGS,NYC,Senate,140788,467699,6780,615267,0.229,0.76,0.011
2000,LEWIS,Not NYC,Senate,6058,4040,707,10805,0.561,0.374,0.065
2000,LIVINGSTON,Not NYC,Senate,15925,10186,626,26737,0.596,0.381,0.023
2000,MADISON,Not NYC,Senate,15837,11689,639,28165,0.562,0.415,0.023
2000,MONROE,Not NYC,Senate,157820,152603,5549,315972,0.499,0.483,0.018
2000,MONTGOMERY,Not NYC,Senate,10357,9742,389,20488,0.506,0.475,0.019
2000,NASSAU,Not NYC,Senate,312252,263962,8457,584671,0.534,0.451,0.014
2000,NEW YORK,NYC,Senate,119263,433599,8970,561832,0.212,0.772,0.016
2000,NIAGARA,Not NYC,Senate,43432,47356,1789,92577,0.469,0.512,0.019
2000,ONEIDA,Not NYC,Senate,52431,41138,2055,95624,0.548,0.43,0.021
2000,ONONDAGA,Not NYC,Senate,92132,106796,3915,202843,0.454,0.526,0.019
2000,ONTARIO,Not NYC,Senate,25905,18753,930,45588,0.568,0.411,0.02
2000,ORANGE,Not NYC,Senate,74328,48515,2433,125276,0.593,0.387,0.019
2000,ORLEANS,Not NYC,Senate,9285,6194,260,15739,0.59,0.394,0.017
2000,OSWEGO,Not NYC,Senate,23921,23080,1062,48063,0.498,0.48,0.022
2000,OTSEGO,Not NYC,Senate,13309,11079,692,25080,0.531,0.442,0.028
2000,PUTNAM,Not NYC,Senate,26384,15024,807,42215,0.625,0.356,0.019
2000,QUEENS,NYC,Senate,162747,384457,5513,552717,0.294,0.696,0.01
2000,RENSSELAER,Not NYC,Senate,33056,33287,1602,67945,0.487,0.49,0.024
2000,RICHMOND,NYC,Senate,81584,57816,1579,140979,0.579,0.41,0.011
2000,ROCKLAND,Not NYC,Senate,63983,56340,1693,122016,0.524,0.462,0.014
2000,ST. LAWRENCE,Not NYC,Senate,16887,20864,1897,39648,0.426,0.526,0.048
2000,SARATOGA,Not NYC,Senate,51106,41165,1835,94106,0.543,0.437,0.019
2000,SCHENECTADY,Not NYC,Senate,32271,32800,1260,66331,0.487,0.494,0.019
2000,SCHOHARIE,Not NYC,Senate,7825,5303,293,13421,0.583,0.395,0.022
2000,SCHUYLER,Not NYC,Senate,4644,3247,190,8081,0.575,0.402,0.024
2000,SENECA,Not NYC,Senate,7297,6693,297,14287,0.511,0.468,0.021
2000,STEUBEN,Not NYC,Senate,24896,14124,812,39832,0.625,0.355,0.02
2000,SUFFOLK,Not NYC,Senate,326230,234418,9739,570387,0.572,0.411,0.017
2000,SULLIVAN,Not NYC,Senate,14723,12813,671,28207,0.522,0.454,0.024
2000,TIOGA,Not NYC,Senate,13282,8579,425,22286,0.596,0.385,0.019
2000,TOMPKINS,Not NYC,Senate,15699,22672,1264,39635,0.396,0.572,0.032
2000,ULSTER,Not NYC,Senate,39249,35862,2295,77406,0.507,0.463,0.03
2000,WARREN,Not NYC,Senate,16530,11105,545,28180,0.587,0.394,0.019
2000,WASHINGTON,Not NYC,Senate,13483,9183,793,23459,0.575,0.391,0.034
2000,WAYNE,Not NYC,Senate,22717,14527,789,38033,0.597,0.382,0.021
2000,WESTCHESTER,Not NYC,Senate,174533,188038,5461,368032,0.474,0.511,0.015
2000,WYOMING,Not NYC,Senate,10914,6134,467,17515,0.623,0.35,0.027
2000,YATES,Not NYC,Senate,5931,3952,183,10066,0.589,0.393,0.018
2004,ALBANY,Not NYC,Senate,34800,95247,6364,136411,0.255,0.698,0.047
2004,ALLEGANY,Not NYC,Senate,7856,8399,999,17254,0.455,0.487,0.058
2004,BRONX,NYC,Senate,21935,269768,6060,297763,0.074,0.906,0.02
2004,BROOME,Not NYC,Senate,27768,51339,4072,83179,0.334,0.617,0.049
2004,CATTARAUGUS,Not NYC,Senate,12194,17104,1590,30888,0.395,0.554,0.051
2004,CAYUGA,Not NYC,Senate,11107,18719,2154,31980,0.347,0.585,0.067
2004,CHAUTAUQUA,Not NYC,Senate,18545,34116,2471,55132,0.336,0.619,0.045
2004,CHEMUNG,Not NYC,Senate,13165,20242,1562,34969,0.376,0.579,0.045
2004,CHENANGO,Not NYC,Senate,8171,9880,1184,19235,0.425,0.514,0.062
2004,CLINTON,Not NYC,Senate,9873,18509,1418,29800,0.331,0.621,0.048
2004,COLUMBIA,Not NYC,Senate,9868,16926,1560,28354,0.348,0.597,0.055
2004,CORTLAND,Not NYC,Senate,7366,11486,1168,20020,0.368,0.574,0.058
2004,DELAWARE,Not NYC,Senate,8423,9600,1121,19144,0.44,0.501,0.059
2004,DUTCHESS,Not NYC,Senate,38170,66100,6997,111267,0.343,0.594,0.063
2004,ERIE,Not NYC,Senate,91985,290210,20912,403107,0.228,0.72,0.052
2004,ESSEX,Not NYC,Senate,6693,8726,1106,16525,0.405,0.528,0.067
2004,FRANKLIN,Not NYC,Senate,5443,9913,670,16026,0.34,0.619,0.042
2004,FULTON,Not NYC,Senate,7913,10207,1259,19379,0.408,0.527,0.065
2004,GENESEE,Not NYC,Senate,9584,13454,1457,24495,0.391,0.549,0.059
2004,GREENE,Not NYC,Senate,9150,10352,1251,20753,0.441,0.499,0.06
2004,HAMILTON,Not NYC,Senate,1697,1434,178,3309,0.513,0.433,0.054
2004,HERKIMER,Not NYC,Senate,8754,13919,1734,24407,0.359,0.57,0.071
2004,JEFFERSON,Not NYC,Senate,10846,22463,1661,34970,0.31,0.642,0.047
2004,KINGS,NYC,Senate,56823,542759,16408,615990,0.092,0.881,0.027
2004,LEWIS,Not NYC,Senate,3700,5929,507,10136,0.365,0.585,0.05
2004,LIVINGSTON,Not NYC,Senate,10814,14236,1397,26447,0.409,0.538,0.053
2004,MADISON,Not NYC,Senate,9984,15359,1880,27223,0.367,0.564,0.069
2004,MONROE,Not NYC,Senate,87655,204268,17222,309145,0.284,0.661,0.056
2004,MONTGOMERY,Not NYC,Senate,6235,10895,1216,18346,0.34,0.594,0.066
2004,NASSAU,Not NYC,Senate,161395,387085,34006,582486,0.277,0.665,0.058
2004,NEW YORK,NYC,Senate,59560,512902,13847,586309,0.102,0.875,0.024
2004,NIAGARA,Not NYC,Senate,25137,56314,4798,86249,0.291,0.653,0.056
2004,ONEIDA,Not NYC,Senate,29195,52655,6055,87905,0.332,0.599,0.069
2004,ONONDAGA,Not NYC,Senate,61500,125318,12447,199265,0.309,0.629,0.062
2004,ONTARIO,Not NYC,Senate,15951,26849,2278,45078,0.354,0.596,0.051
2004,ORANGE,Not NYC,Senate,53011,73135,6507,132653,0.4,0.551,0.049
2004,ORLEANS,Not NYC,Senate,6161,7668,790,14619,0.421,0.525,0.054
2004,OSWEGO,Not NYC,Senate,17167,25890,2912,45969,0.373,0.563,0.063
2004,OTSEGO,Not NYC,Senate,8638,13632,1620,23890,0.362,0.571,0.068
2004,PUTNAM,Not NYC,Senate,14557,24001,2838,41396,0.352,0.58,0.069
2004,QUEENS,NYC,Senate,71453,450332,16242,538027,0.133,0.837,0.03
2004,RENSSELAER,Not NYC,Senate,21431,40911,4152,66494,0.322,0.615,0.062
2004,RICHMOND,NYC,Senate,37727,98123,7215,143065,0.264,0.686,0.05
2004,ROCKLAND,Not NYC,Senate,32993,81155,5566,119714,0.276,0.678,0.046
2004,ST. LAWRENCE,Not NYC,Senate,9237,25724,1902,36863,0.251,0.698,0.052
2004,SARATOGA,Not NYC,Senate,38846,53309,5377,97532,0.398,0.547,0.055
2004,SCHENECTADY,Not NYC,Senate,20316,39521,4047,63884,0.318,0.619,0.063
2004,SCHOHARIE,Not NYC,Senate,5991,6750,709,13450,0.445,0.502,0.053
2004,SCHUYLER,Not NYC,Senate,3227,4088,433,7748,0.416,0.528,0.056
2004,SENECA,Not NYC,Senate,4595,8228,722,13545,0.339,0.607,0.053
2004,STEUBEN,Not NYC,Senate,16379,18167,1770,36316,0.451,0.5,0.049
2004,SUFFOLK,Not NYC,Senate,163470,391950,31493,586913,0.279,0.668,0.054
2004,SULLIVAN,Not NYC,Senate,9080,17582,1651,28313,0.321,0.621,0.058
2004,TIOGA,Not NYC,Senate,9602,10872,1228,21702,0.442,0.501,0.057
2004,TOMPKINS,Not NYC,Senate,9504,25930,2637,38071,0.25,0.681,0.069
2004,ULSTER,Not NYC,Senate,24029,51689,5302,81020,0.297,0.638,0.065
2004,WARREN,Not NYC,Senate,10889,15611,1387,27887,0.39,0.56,0.05
2004,WASHINGTON,Not NYC,Senate,9000,11947,1211,22158,0.406,0.539,0.055
2004,WAYNE,Not NYC,Senate,14986,19083,2413,36482,0.411,0.523,0.066
2004,WESTCHESTER,Not NYC,Senate,92685,258134,15453,366272,0.253,0.705,0.042
2004,WYOMING,Not NYC,Senate,6929,8494,972,16395,0.423,0.518,0.059
2004,YATES,Not NYC,Senate,3911,5216,424,9551,0.409,0.546,0.044
2006,ALBANY,Not NYC,Senate,28709,76494,2868,108071,0.266,0.708,0.027
2006,ALLEGANY,Not NYC,Senate,6739,6334,237,13310,0.506,0.476,0.018
2006,BRONX,NYC,Senate,17086,159792,1694,178572,0.096,0.895,0.009
2006,BROOME,Not NYC,Senate,24291,36848,1449,62588,0.388,0.589,0.023
2006,CATTARAUGUS,Not NYC,Senate,10031,11742,352,22125,0.453,0.531,0.016
2006,CAYUGA,Not NYC,Senate,9348,17207,508,27063,0.345,0.636,0.019
2006,CHAUTAUQUA,Not NYC,Senate,16171,20126,589,36886,0.438,0.546,0.016
2006,CHEMUNG,Not NYC,Senate,10669,15179,334,26182,0.407,0.58,0.013
2006,CHENANGO,Not NYC,Senate,6422,8071,429,14922,0.43,0.541,0.029
2006,CLINTON,Not NYC,Senate,7902,14788,473,23163,0.341,0.638,0.02
2006,COLUMBIA,Not NYC,Senate,8577,14353,653,23583,0.364,0.609,0.028
2006,CORTLAND,Not NYC,Senate,5727,8622,373,14722,0.389,0.586,0.025
2006,DELAWARE,Not NYC,Senate,6701,7376,359,14436,0.464,0.511,0.025
2006,DUTCHESS,Not NYC,Senate,33790,45536,1943,81269,0.416,0.56,0.024
2006,ERIE,Not NYC,Senate,95848,177051,5505,278404,0.344,0.636,0.02
2006,ESSEX,Not NYC,Senate,5198,7007,280,12485,0.416,0.561,0.022
2006,FRANKLIN,Not NYC,Senate,3973,7798,205,11976,0.332,0.651,0.017
2006,FULTON,Not NYC,Senate,6030,8262,263,14555,0.414,0.568,0.018
2006,GENESEE,Not NYC,Senate,8700,9272,284,18256,0.477,0.508,0.016
2006,GREENE,Not NYC,Senate,7641,8477,410,16528,0.462,0.513,0.025
2006,HAMILTON,Not NYC,Senate,1445,1097,61,2603,0.555,0.421,0.023
2006,HERKIMER,Not NYC,Senate,8177,10600,368,19145,0.427,0.554,0.019
2006,JEFFERSON,Not NYC,Senate,9237,15384,351,24972,0.37,0.616,0.014
2006,KINGS,NYC,Senate,48295,294625,7584,350504,0.138,0.841,0.022
2006,LEWIS,Not NYC,Senate,3168,3909,144,7221,0.439,0.541,0.02
2006,LIVINGSTON,Not NYC,Senate,9103,10149,413,19665,0.463,0.516,0.021
2006,MADISON,Not NYC,Senate,8783,12128,496,21407,0.41,0.567,0.023
2006,MONROE,Not NYC,Senate,83134,141823,3608,228565,0.364,0.62,0.016
2006,MONTGOMERY,Not NYC,Senate,5088,8335,251,13674,0.372,0.61,0.018
2006,NASSAU,Not NYC,Senate,139775,221110,4751,365636,0.382,0.605,0.013
2006,NEW YORK,NYC,Senate,40471,316367,11234,368072,0.11,0.86,0.031
2006,NIAGARA,Not NYC,Senate,24535,37852,878,63265,0.388,0.598,0.014
2006,ONEIDA,Not NYC,Senate,28710,41582,1167,71459,0.402,0.582,0.016
2006,ONONDAGA,Not NYC,Senate,50643,98116,4101,152860,0.331,0.642,0.027
2006,ONTARIO,Not NYC,Senate,13847,19264,519,33630,0.412,0.573,0.015
2006,ORANGE,Not NYC,Senate,36065,50280,1600,87945,0.41,0.572,0.018
2006,ORLEANS,Not NYC,Senate,5119,5415,175,10709,0.478,0.506,0.016
2006,OSWEGO,Not NYC,Senate,12272,18612,776,31660,0.388,0.588,0.025
2006,OTSEGO,Not NYC,Senate,7379,10467,623,18469,0.4,0.567,0.034
2006,PUTNAM,Not NYC,Senate,13834,15690,657,30181,0.458,0.52,0.022
2006,QUEENS,NYC,Senate,57352,254267,4568,316187,0.181,0.804,0.014
2006,RENSSELAER,Not NYC,Senate,18769,33986,1267,54022,0.347,0.629,0.023
2006,RICHMOND,NYC,Senate,33356,46666,1080,81102,0.411,0.575,0.013
2006,ROCKLAND,Not NYC,Senate,30100,47738,1377,79215,0.38,0.603,0.017
2006,ST. LAWRENCE,Not NYC,Senate,8525,19085,481,28091,0.303,0.679,0.017
2006,SARATOGA,Not NYC,Senate,32151,45485,1718,79354,0.405,0.573,0.022
2006,SCHENECTADY,Not NYC,Senate,16980,32131,1102,50213,0.338,0.64,0.022
2006,SCHOHARIE,Not NYC,Senate,4965,5589,273,10827,0.459,0.516,0.025
2006,SCHUYLER,Not NYC,Senate,2617,3187,179,5983,0.437,0.533,0.03
2006,SENECA,Not NYC,Senate,3747,6377,193,10317,0.363,0.618,0.019
2006,STEUBEN,Not NYC,Senate,13602,13561,478,27641,0.492,0.491,0.017
2006,SUFFOLK,Not NYC,Senate,137964,210104,5723,353791,0.39,0.594,0.016
2006,SULLIVAN,Not NYC,Senate,7309,12094,472,19875,0.368,0.609,0.024
2006,TIOGA,Not NYC,Senate,7478,8025,303,15806,0.473,0.508,0.019
2006,TOMPKINS,Not NYC,Senate,7946,19813,1615,29374,0.271,0.675,0.055
2006,ULSTER,Not NYC,Senate,20580,36538,2489,59607,0.345,0.613,0.042
2006,WARREN,Not NYC,Senate,8851,12930,465,22246,0.398,0.581,0.021
2006,WASHINGTON,Not NYC,Senate,7216,9990,458,17664,0.409,0.566,0.026
2006,WAYNE,Not NYC,Senate,12146,13337,433,25916,0.469,0.515,0.017
2006,WESTCHESTER,Not NYC,Senate,82273,174217,5501,261991,0.314,0.665,0.021
2006,WYOMING,Not NYC,Senate,6504,5992,187,12683,0.513,0.472,0.015
2006,YATES,Not NYC,Senate,3125,4176,109,7410,0.422,0.564,0.015
2010,ALBANY,Not NYC,Senate,31140,67363,2466,100969,0.308,0.667,0.024
2010,ALLEGANY,Not NYC,Senate,6354,6432,219,13005,0.489,0.495,0.017
2010,BRONX,NYC,Senate,15553,155292,1513,172358,0.09,0.901,0.009
2010,BROOME,Not NYC,Senate,26569,32768,1100,60437,0.44,0.542,0.018
2010,CATTARAUGUS,Not NYC,Senate,9561,11874,361,21796,0.439,0.545,0.017
2010,CAYUGA,Not NYC,Senate,7990,13592,479,22061,0.362,0.616,0.022
2010,CHAUTAUQUA,Not NYC,Senate,16752,21791,578,39121,0.428,0.557,0.015
2010,CHEMUNG,Not NYC,Senate,9951,13927,278,24156,0.412,0.577,0.012
2010,CHENANGO,Not NYC,Senate,6308,7259,341,13908,0.454,0.522,0.025
2010,CLINTON,Not NYC,Senate,7842,14128,337,22307,0.352,0.633,0.015
2010,COLUMBIA,Not NYC,Senate,8671,14157,546,23374,0.371,0.606,0.023
2010,CORTLAND,Not NYC,Senate,5369,8046,255,13670,0.393,0.589,0.019
2010,DELAWARE,Not NYC,Senate,6503,6787,311,13601,0.478,0.499,0.023
2010,DUTCHESS,Not NYC,Senate,36801,46121,1263,84185,0.437,0.548,0.015
2010,ERIE,Not NYC,Senate,100302,190417,4815,295534,0.339,0.644,0.016
2010,ESSEX,Not NYC,Senate,4949,7057,249,12255,0.404,0.576,0.02
2010,FRANKLIN,Not NYC,Senate,4266,7428,192,11886,0.359,0.625,0.016
2010,FULTON,Not NYC,Senate,6960,7326,226,14512,0.48,0.505,0.016
2010,GENESEE,Not NYC,Senate,8214,9069,287,17570,0.468,0.516,0.016
2010,GREENE,Not NYC,Senate,7547,8076,272,15895,0.475,0.508,0.017
2010,HAMILTON,Not NYC,Senate,1368,1149,54,2571,0.532,0.447,0.021
2010,HERKIMER,Not NYC,Senate,8018,10718,296,19032,0.421,0.563,0.016
2010,JEFFERSON,Not NYC,Senate,9654,16527,311,26492,0.364,0.624,0.012
2010,KINGS,NYC,Senate,59372,327872,5876,393120,0.151,0.834,0.015
2010,LEWIS,Not NYC,Senate,2965,4196,120,7281,0.407,0.576,0.016
2010,LIVINGSTON,Not NYC,Senate,8740,10262,299,19301,0.453,0.532,0.015
2010,MADISON,Not NYC,Senate,8768,11706,482,20956,0.418,0.559,0.023
2010,MONROE,Not NYC,Senate,80992,142858,3460,227310,0.356,0.628,0.015
2010,MONTGOMERY,Not NYC,Senate,6051,7325,294,13670,0.443,0.536,0.022
2010,NASSAU,Not NYC,Senate,152797,230103,3320,386220,0.396,0.596,0.009
2010,NEW YORK,NYC,Senate,45823,298926,6534,351283,0.13,0.851,0.019
2010,NIAGARA,Not NYC,Senate,26555,36792,1012,64359,0.413,0.572,0.016
2010,ONEIDA,Not NYC,Senate,26472,39924,1021,67417,0.393,0.592,0.015
2010,ONONDAGA,Not NYC,Senate,47116,91733,3318,142167,0.331,0.645,0.023
2010,ONTARIO,Not NYC,Senate,14174,19242,511,33927,0.418,0.567,0.015
2010,ORANGE,Not NYC,Senate,41077,54212,1429,96718,0.425,0.561,0.015
2010,ORLEANS,Not NYC,Senate,5158,5597,182,10937,0.472,0.512,0.017
2010,OSWEGO,Not NYC,Senate,12182,18286,744,31212,0.39,0.586,0.024
2010,OTSEGO,Not NYC,Senate,7511,9962,387,17860,0.421,0.558,0.022
2010,PUTNAM,Not NYC,Senate,14549,16447,389,31385,0.464,0.524,0.012
2010,QUEENS,NYC,Senate,64567,266147,3851,334565,0.193,0.796,0.012
2010,RENSSELAER,Not NYC,Senate,20302,31645,1169,53116,0.382,0.596,0.022
2010,RICHMOND,NYC,Senate,39445,55897,936,96278,0.41,0.581,0.01
2010,ROCKLAND,Not NYC,Senate,31847,51652,777,84276,0.378,0.613,0.009
2010,ST. LAWRENCE,Not NYC,Senate,8813,18908,495,28216,0.312,0.67,0.018
2010,SARATOGA,Not NYC,Senate,34973,43823,1482,80278,0.436,0.546,0.018
2010,SCHENECTADY,Not NYC,Senate,18124,28388,1111,47623,0.381,0.596,0.023
2010,SCHOHARIE,Not NYC,Senate,4948,5182,220,10350,0.478,0.501,0.021
2010,SCHUYLER,Not NYC,Senate,2628,3134,103,5865,0.448,0.534,0.018
2010,SENECA,Not NYC,Senate,3799,5922,187,9908,0.383,0.598,0.019
2010,STEUBEN,Not NYC,Senate,12525,14180,389,27094,0.462,0.523,0.014
2010,SUFFOLK,Not NYC,Senate,160865,224677,4252,389794,0.413,0.576,0.011
2010,SULLIVAN,Not NYC,Senate,8383,12099,404,20886,0.401,0.579,0.019
2010,TIOGA,Not NYC,Senate,8563,7096,297,15956,0.537,0.445,0.019
2010,TOMPKINS,Not NYC,Senate,7599,20728,786,29113,0.261,0.712,0.027
2010,ULSTER,Not NYC,Senate,21788,36268,1591,59647,0.365,0.608,0.027
2010,WARREN,Not NYC,Senate,8795,13363,376,22534,0.39,0.593,0.017
2010,WASHINGTON,Not NYC,Senate,7141,10288,400,17829,0.401,0.577,0.022
2010,WAYNE,Not NYC,Senate,12412,13781,468,26661,0.466,0.517,0.018
2010,WESTCHESTER,Not NYC,Senate,86084,171334,2711,260129,0.331,0.659,0.01
2010,WYOMING,Not NYC,Senate,6092,6018,295,12405,0.491,0.485,0.024
2010,YATES,Not NYC,Senate,3087,3834,113,7034,0.439,0.545,0.016
2012,ALBANY,Not NYC,Senate,30317,98432,2297,131046,0.231,0.751,0.018
2012,ALLEGANY,Not NYC,Senate,8151,7635,275,16061,0.508,0.475,0.017
2012,BRONX,NYC,Senate,21618,321378,2231,345227,0.063,0.931,0.006
2012,BROOME,Not NYC,Senate,26166,49814,1375,77355,0.338,0.644,0.018
2012,CATTARAUGUS,Not NYC,Senate,12058,15654,482,28194,0.428,0.555,0.017
2012,CAYUGA,Not NYC,Senate,10265,18067,788,29120,0.353,0.62,0.027
2012,CHAUTAUQUA,Not NYC,Senate,20869,29001,824,50694,0.412,0.572,0.016
2012,CHEMUNG,Not NYC,Senate,12345,20682,449,33476,0.369,0.618,0.013
2012,CHENANGO,Not NYC,Senate,6956,10672,483,18111,0.384,0.589,0.027
2012,CLINTON,Not NYC,Senate,8373,19439,554,28366,0.295,0.685,0.02
2012,COLUMBIA,Not NYC,Senate,8154,19905,431,28490,0.286,0.699,0.015
2012,CORTLAND,Not NYC,Senate,6730,11166,514,18410,0.366,0.607,0.028
2012,DELAWARE,Not NYC,Senate,6606,11172,288,18066,0.366,0.618,0.016
2012,DUTCHESS,Not NYC,Senate,38607,77809,1840,118256,0.326,0.658,0.016
2012,ERIE,Not NYC,Senate,117861,265264,6453,389578,0.303,0.681,0.017
2012,ESSEX,Not NYC,Senate,5201,10094,259,15554,0.334,0.649,0.017
2012,FRANKLIN,Not NYC,Senate,4708,9960,243,14911,0.316,0.668,0.016
2012,FULTON,Not NYC,Senate,7401,11122,260,18783,0.394,0.592,0.014
2012,GENESEE,Not NYC,Senate,10745,11845,458,23048,0.466,0.514,0.02
2012,GREENE,Not NYC,Senate,7544,12098,314,19956,0.378,0.606,0.016
2012,HAMILTON,Not NYC,Senate,1449,1487,39,2975,0.487,0.5,0.013
2012,HERKIMER,Not NYC,Senate,8421,14655,405,23481,0.359,0.624,0.017
2012,JEFFERSON,Not NYC,Senate,11882,21746,509,34137,0.348,0.637,0.015
2012,KINGS,NYC,Senate,79504,598834,9249,687587,0.116,0.871,0.013
2012,LEWIS,Not NYC,Senate,3662,5886,149,9697,0.378,0.607,0.015
2012,LIVINGSTON,Not NYC,Senate,10910,13462,442,24814,0.44,0.543,0.018
2012,MADISON,Not NYC,Senate,10101,15732,755,26588,0.38,0.592,0.028
2012,MONROE,Not NYC,Senate,101323,209781,5644,316748,0.32,0.662,0.018
2012,MONTGOMERY,Not NYC,Senate,5938,10957,291,17186,0.346,0.638,0.017
2012,NASSAU,Not NYC,Senate,188430,342644,5584,536658,0.351,0.638,0.01
2012,NEW YORK,NYC,Senate,65699,487701,8236,561636,0.117,0.868,0.015
2012,NIAGARA,Not NYC,Senate,30645,51592,1491,83728,0.366,0.616,0.018
2012,ONEIDA,Not NYC,Senate,29059,50715,1812,81586,0.356,0.622,0.022
2012,ONONDAGA,Not NYC,Senate,56997,133892,5276,196165,0.291,0.683,0.027
2012,ONTARIO,Not NYC,Senate,18838,25987,901,45726,0.412,0.568,0.02
2012,ORANGE,Not NYC,Senate,45128,88689,2026,135843,0.332,0.653,0.015
2012,ORLEANS,Not NYC,Senate,6556,6884,299,13739,0.477,0.501,0.022
2012,OSWEGO,Not NYC,Senate,15404,25117,1182,41703,0.369,0.602,0.028
2012,OTSEGO,Not NYC,Senate,7767,15114,378,23259,0.334,0.65,0.016
2012,PUTNAM,Not NYC,Senate,16549,24310,582,41441,0.399,0.587,0.014
2012,QUEENS,NYC,Senate,82169,468079,6651,556899,0.148,0.841,0.012
2012,RENSSELAER,Not NYC,Senate,19310,45767,996,66073,0.292,0.693,0.015
2012,RICHMOND,NYC,Senate,51782,94843,1691,148316,0.349,0.639,0.011
2012,ROCKLAND,Not NYC,Senate,37955,77915,1350,117220,0.324,0.665,0.012
2012,ST. LAWRENCE,Not NYC,Senate,10092,24157,569,34818,0.29,0.694,0.016
2012,SARATOGA,Not NYC,Senate,34728,66459,1439,102626,0.338,0.648,0.014
2012,SCHENECTADY,Not NYC,Senate,18273,43030,1159,62462,0.293,0.689,0.019
2012,SCHOHARIE,Not NYC,Senate,5048,7541,213,12802,0.394,0.589,0.017
2012,SCHUYLER,Not NYC,Senate,3107,4456,171,7734,0.402,0.576,0.022
2012,SENECA,Not NYC,Senate,4815,7345,284,12444,0.387,0.59,0.023
2012,STEUBEN,Not NYC,Senate,16240,20044,598,36882,0.44,0.543,0.016
2012,SUFFOLK,Not NYC,Senate,198683,354929,7128,560740,0.354,0.633,0.013
2012,SULLIVAN,Not NYC,Senate,8551,17427,454,26432,0.324,0.659,0.017
2012,TIOGA,Not NYC,Senate,8995,11206,423,20624,0.436,0.543,0.021
2012,TOMPKINS,Not NYC,Senate,9059,27764,1211,38034,0.238,0.73,0.032
2012,ULSTER,Not NYC,Senate,20908,54455,1653,77016,0.271,0.707,0.021
2012,WARREN,Not NYC,Senate,9095,19347,370,28812,0.316,0.671,0.013
2012,WASHINGTON,Not NYC,Senate,7067,15228,321,22616,0.312,0.673,0.014
2012,WAYNE,Not NYC,Senate,15973,18974,783,35730,0.447,0.531,0.022
2012,WESTCHESTER,Not NYC,Senate,100279,254723,4650,359652,0.279,0.708,0.013
2012,WYOMING,Not NYC,Senate,7556,7475,283,15314,0.493,0.488,0.018
2012,YATES,Not NYC,Senate,4080,4772,181,9033,0.452,0.528,0.02
2016,ALBANY,Not NYC,Senate,33755,98287,3606,135648,0.249,0.725,0.027
2016,ALLEGANY,Not NYC,Senate,9614,7881,376,17871,0.538,0.441,0.021
2016,BRONX,NYC,Senate,25905,344113,5723,375741,0.069,0.916,0.015
2016,BROOME,Not NYC,Senate,28156,51929,2216,82301,0.342,0.631,0.027
2016,CATTARAUGUS,Not NYC,Senate,13495,15297,655,29447,0.458,0.519,0.022
2016,CAYUGA,Not NYC,Senate,11536,19796,667,31999,0.361,0.619,0.021
2016,CHAUTAUQUA,Not NYC,Senate,21614,29743,1027,52384,0.413,0.568,0.02
2016,CHEMUNG,Not NYC,Senate,14994,18775,698,34467,0.435,0.545,0.02
2016,CHENANGO,Not NYC,Senate,8463,10111,578,19152,0.442,0.528,0.03
2016,CLINTON,Not NYC,Senate,10802,18955,799,30556,0.354,0.62,0.026
2016,COLUMBIA,Not NYC,Senate,10101,18893,849,29843,0.338,0.633,0.028
2016,CORTLAND,Not NYC,Senate,7048,11857,551,19456,0.362,0.609,0.028
2016,DELAWARE,Not NYC,Senate,8932,9635,461,19028,0.469,0.506,0.024
2016,DUTCHESS,Not NYC,Senate,48959,72681,3065,124705,0.393,0.583,0.025
2016,ERIE,Not NYC,Senate,118072,284110,8323,410505,0.288,0.692,0.02
2016,ESSEX,Not NYC,Senate,6577,8829,562,15968,0.412,0.553,0.035
2016,FRANKLIN,Not NYC,Senate,6116,9640,453,16209,0.377,0.595,0.028
2016,FULTON,Not NYC,Senate,9357,10237,401,19995,0.468,0.512,0.02
2016,GENESEE,Not NYC,Senate,12245,12343,601,25189,0.486,0.49,0.024
2016,GREENE,Not NYC,Senate,9863,10823,505,21191,0.465,0.511,0.024
2016,HAMILTON,Not NYC,Senate,1572,1444,58,3074,0.511,0.47,0.019
2016,HERKIMER,Not NYC,Senate,10376,13702,571,24649,0.421,0.556,0.023
2016,JEFFERSON,Not NYC,Senate,15245,20711,806,36762,0.415,0.563,0.022
2016,KINGS,NYC,Senate,83820,659982,23335,767137,0.109,0.86,0.03
2016,LEWIS,Not NYC,Senate,5106,5492,181,10779,0.474,0.51,0.017
2016,LIVINGSTON,Not NYC,Senate,13090,14984,690,28764,0.455,0.521,0.024
2016,MADISON,Not NYC,Senate,11363,16706,758,28827,0.394,0.58,0.026
2016,MONROE,Not NYC,Senate,103400,226493,8049,337942,0.306,0.67,0.024
2016,MONTGOMERY,Not NYC,Senate,7332,10357,432,18121,0.405,0.572,0.024
2016,NASSAU,Not NYC,Senate,210823,403274,8876,622973,0.338,0.647,0.014
2016,NEW YORK,NYC,Senate,69536,553432,17755,640723,0.109,0.864,0.028
2016,NIAGARA,Not NYC,Senate,33662,52114,1725,87501,0.385,0.596,0.02
2016,ONEIDA,Not NYC,Senate,32899,51245,1973,86117,0.382,0.595,0.023
2016,ONONDAGA,Not NYC,Senate,57174,143126,4597,204897,0.279,0.699,0.022
2016,ONTARIO,Not NYC,Senate,20344,29001,1253,50598,0.402,0.573,0.025
2016,ORANGE,Not NYC,Senate,55727,87368,3004,146099,0.381,0.598,0.021
2016,ORLEANS,Not NYC,Senate,8150,7099,305,15554,0.524,0.456,0.02
2016,OSWEGO,Not NYC,Senate,18780,26172,1107,46059,0.408,0.568,0.024
2016,OTSEGO,Not NYC,Senate,9758,14059,669,24486,0.399,0.574,0.027
2016,PUTNAM,Not NYC,Senate,20588,24635,920,46143,0.446,0.534,0.02
2016,QUEENS,NYC,Senate,99252,541334,14262,654848,0.152,0.827,0.022
2016,RENSSELAER,Not NYC,Senate,23577,43897,1928,69402,0.34,0.633,0.028
2016,RICHMOND,NYC,Senate,62979,108147,2593,173719,0.363,0.623,0.015
2016,ROCKLAND,Not NYC,Senate,41894,82386,2023,126303,0.332,0.652,0.016
2016,ST. LAWRENCE,Not NYC,Senate,13633,22755,910,37298,0.366,0.61,0.024
2016,SARATOGA,Not NYC,Senate,42709,65362,2686,110757,0.386,0.59,0.024
2016,SCHENECTADY,Not NYC,Senate,20985,42649,1569,65203,0.322,0.654,0.024
2016,SCHOHARIE,Not NYC,Senate,6606,6721,288,13615,0.485,0.494,0.021
2016,SCHUYLER,Not NYC,Senate,4026,4075,245,8346,0.482,0.488,0.029
2016,SENECA,Not NYC,Senate,5364,7746,379,13489,0.398,0.574,0.028
2016,STEUBEN,Not NYC,Senate,20638,18743,831,40212,0.513,0.466,0.021
2016,SUFFOLK,Not NYC,Senate,247391,390754,11864,650009,0.381,0.601,0.018
2016,SULLIVAN,Not NYC,Senate,10641,16770,658,28069,0.379,0.597,0.023
2016,TIOGA,Not NYC,Senate,10345,10661,551,21557,0.48,0.495,0.026
2016,TOMPKINS,Not NYC,Senate,8815,30349,2096,41260,0.214,0.736,0.051
2016,ULSTER,Not NYC,Senate,26029,52598,2764,81391,0.32,0.646,0.034
2016,WARREN,Not NYC,Senate,11164,17885,986,30035,0.372,0.595,0.033
2016,WASHINGTON,Not NYC,Senate,9787,13246,693,23726,0.413,0.558,0.029
2016,WAYNE,Not NYC,Senate,17929,19704,866,38499,0.466,0.512,0.022
2016,WESTCHESTER,Not NYC,Senate,108127,287893,7161,403181,0.268,0.714,0.018
2016,WYOMING,Not NYC,Senate,8843,7756,280,16879,0.524,0.46,0.017
2016,YATES,Not NYC,Senate,4297,5205,211,9713,0.442,0.536,0.022
2018,ALBANY,Not NYC,Senate,36456,78115,124,114695,0.318,0.681,0.001
2018,ALLEGANY,Not NYC,Senate,9261,5460,3,14724,0.629,0.371,0
2018,BRONX,NYC,Senate,23033,257723,168,280924,0.082,0.917,0.001
2018,BROOME,Not NYC,Senate,30897,41145,48,72090,0.429,0.571,0.001
2018,CATTARAUGUS,Not NYC,Senate,13256,10431,5,23692,0.56,0.44,0
2018,CAYUGA,Not NYC,Senate,13232,13823,9,27064,0.489,0.511,0
2018,CHAUTAUQUA,Not NYC,Senate,22361,20810,13,43184,0.518,0.482,0
2018,CHEMUNG,Not NYC,Senate,14902,14347,14,29263,0.509,0.49,0
2018,CHENANGO,Not NYC,Senate,8996,7286,10,16292,0.552,0.447,0.001
2018,CLINTON,Not NYC,Senate,10012,15930,2,25944,0.386,0.614,0
2018,COLUMBIA,Not NYC,Senate,11055,18137,21,29213,0.378,0.621,0.001
2018,CORTLAND,Not NYC,Senate,7099,9113,11,16223,0.438,0.562,0.001
2018,DELAWARE,Not NYC,Senate,9066,7871,9,16946,0.535,0.464,0.001
2018,DUTCHESS,Not NYC,Senate,47268,63675,48,110991,0.426,0.574,0
2018,ERIE,Not NYC,Senate,127860,206024,0,333884,0.383,0.617,0
2018,ESSEX,Not NYC,Senate,5591,8294,7,13892,0.402,0.597,0.001
2018,FRANKLIN,Not NYC,Senate,5576,8245,2,13823,0.403,0.596,0
2018,FULTON,Not NYC,Senate,9790,6896,4,16690,0.587,0.413,0
2018,GENESEE,Not NYC,Senate,12552,8149,10,20711,0.606,0.393,0
2018,GREENE,Not NYC,Senate,10293,8944,14,19251,0.535,0.465,0.001
2018,HAMILTON,Not NYC,Senate,1662,1078,2,2742,0.606,0.393,0.001
2018,HERKIMER,Not NYC,Senate,11742,9395,9,21146,0.555,0.444,0
2018,JEFFERSON,Not NYC,Senate,14884,14741,15,29640,0.502,0.497,0.001
2018,KINGS,NYC,Senate,85973,542736,663,629372,0.137,0.862,0.001
2018,LEWIS,Not NYC,Senate,5120,3707,3,8830,0.58,0.42,0
2018,LIVINGSTON,Not NYC,Senate,12782,11311,7,24100,0.53,0.469,0
2018,MADISON,Not NYC,Senate,12894,12817,24,25735,0.501,0.498,0.001
2018,MONROE,Not NYC,Senate,105198,174788,111,280097,0.376,0.624,0
2018,MONTGOMERY,Not NYC,Senate,8131,7024,6,15161,0.536,0.463,0
2018,NASSAU,Not NYC,Senate,204875,294186,184,499245,0.41,0.589,0
2018,NEW YORK,NYC,Senate,53813,481779,768,536360,0.1,0.898,0.001
2018,NIAGARA,Not NYC,Senate,36088,35225,29,71342,0.506,0.494,0
2018,ONEIDA,Not NYC,Senate,37446,38613,28,76087,0.492,0.507,0
2018,ONONDAGA,Not NYC,Senate,66599,109201,145,175945,0.379,0.621,0.001
2018,ONTARIO,Not NYC,Senate,20543,23126,14,43683,0.47,0.529,0
2018,ORANGE,Not NYC,Senate,52640,67701,36,120377,0.437,0.562,0
2018,ORLEANS,Not NYC,Senate,7999,4545,4,12548,0.637,0.362,0
2018,OSWEGO,Not NYC,Senate,20499,17717,14,38230,0.536,0.463,0
2018,OTSEGO,Not NYC,Senate,9969,11453,7,21429,0.465,0.534,0
2018,PUTNAM,Not NYC,Senate,19222,19103,8,38333,0.501,0.498,0
2018,QUEENS,NYC,Senate,89810,398414,415,488639,0.184,0.815,0.001
2018,RENSSELAER,Not NYC,Senate,25964,34680,24,60668,0.428,0.572,0
2018,RICHMOND,NYC,Senate,65375,71175,116,136666,0.478,0.521,0.001
2018,ROCKLAND,Not NYC,Senate,39730,59386,58,99174,0.401,0.599,0.001
2018,ST. LAWRENCE,Not NYC,Senate,14201,17970,5,32176,0.441,0.558,0
2018,SARATOGA,Not NYC,Senate,43114,52523,12,95649,0.451,0.549,0
2018,SCHENECTADY,Not NYC,Senate,22005,32735,37,54777,0.402,0.598,0.001
2018,SCHOHARIE,Not NYC,Senate,6726,5355,5,12086,0.557,0.443,0
2018,SCHUYLER,Not NYC,Senate,3868,3440,6,7314,0.529,0.47,0.001
2018,SENECA,Not NYC,Senate,5484,5997,10,11491,0.477,0.522,0.001
2018,STEUBEN,Not NYC,Senate,19776,13868,6,33650,0.588,0.412,0
2018,SUFFOLK,Not NYC,Senate,239477,289528,145,529150,0.453,0.547,0
2018,SULLIVAN,Not NYC,Senate,11319,12937,14,24270,0.466,0.533,0.001
2018,TIOGA,Not NYC,Senate,10188,8002,8,18198,0.56,0.44,0
2018,TOMPKINS,Not NYC,Senate,8399,28818,111,37328,0.225,0.772,0.003
2018,ULSTER,Not NYC,Senate,27410,50163,45,77618,0.353,0.646,0.001
2018,WARREN,Not NYC,Senate,11118,14634,7,25759,0.432,0.568,0
2018,WASHINGTON,Not NYC,Senate,9940,10465,5,20410,0.487,0.513,0
2018,WAYNE,Not NYC,Senate,17522,13931,12,31465,0.557,0.443,0
2018,WESTCHESTER,Not NYC,Senate,96978,234173,226,331377,0.293,0.707,0.001
2018,WYOMING,Not NYC,Senate,8837,4330,3,13170,0.671,0.329,0
2018,YATES,Not NYC,Senate,4344,3743,3,8090,0.537,0.463,0
2022,ALBANY,Not NYC,Senate,42719,72875,603,116197,0.368,0.627,0.005
2022,ALLEGANY,Not NYC,Senate,11277,4306,84,15667,0.72,0.275,0.005
2022,BRONX,NYC,Senate,37130,158433,1004,196567,0.189,0.806,0.005
2022,BROOME,Not NYC,Senate,34688,32587,478,67753,0.512,0.481,0.007
2022,CATTARAUGUS,Not NYC,Senate,16938,8677,125,25740,0.658,0.337,0.005
2022,CAYUGA,Not NYC,Senate,15139,11527,132,26798,0.565,0.43,0.005
2022,CHAUTAUQUA,Not NYC,Senate,26217,16782,203,43202,0.607,0.388,0.005
2022,CHEMUNG,Not NYC,Senate,16907,10500,162,27569,0.613,0.381,0.006
2022,CHENANGO,Not NYC,Senate,10805,5778,128,16711,0.647,0.346,0.008
2022,CLINTON,Not NYC,Senate,13792,13341,170,27303,0.505,0.489,0.006
2022,COLUMBIA,Not NYC,Senate,12633,16812,98,29543,0.428,0.569,0.003
2022,CORTLAND,Not NYC,Senate,8485,7469,111,16065,0.528,0.465,0.007
2022,DELAWARE,Not NYC,Senate,11316,7041,103,18460,0.613,0.381,0.006
2022,DUTCHESS,Not NYC,Senate,56353,57306,617,114276,0.493,0.501,0.005
2022,ERIE,Not NYC,Senate,148585,188979,2156,339720,0.437,0.556,0.006
2022,ESSEX,Not NYC,Senate,7654,7514,91,15259,0.502,0.492,0.006
2022,FRANKLIN,Not NYC,Senate,8071,6885,90,15046,0.536,0.458,0.006
2022,FULTON,Not NYC,Senate,12191,6121,121,18433,0.661,0.332,0.007
2022,GENESEE,Not NYC,Senate,14897,7056,135,22088,0.674,0.319,0.006
2022,GREENE,Not NYC,Senate,11711,8026,124,19861,0.59,0.404,0.006
2022,HAMILTON,Not NYC,Senate,1838,969,16,2823,0.651,0.343,0.006
2022,HERKIMER,Not NYC,Senate,15042,6999,122,22163,0.679,0.316,0.006
2022,JEFFERSON,Not NYC,Senate,19667,11618,158,31443,0.625,0.369,0.005
2022,KINGS,NYC,Senate,129692,423867,3446,557005,0.233,0.761,0.006
2022,LEWIS,Not NYC,Senate,7372,3001,37,10410,0.708,0.288,0.004
2022,LIVINGSTON,Not NYC,Senate,14958,9029,171,24158,0.619,0.374,0.007
2022,MADISON,Not NYC,Senate,14573,11440,176,26189,0.556,0.437,0.007
2022,MONROE,Not NYC,Senate,117075,156529,1556,275160,0.425,0.569,0.006
2022,MONTGOMERY,Not NYC,Senate,9764,5783,85,15632,0.625,0.37,0.005
2022,NASSAU,Not NYC,Senate,265004,248186,1468,514658,0.515,0.482,0.003
2022,NEW YORK,NYC,Senate,65366,383518,2710,451594,0.145,0.849,0.006
2022,NIAGARA,Not NYC,Senate,43261,31950,400,75611,0.572,0.423,0.005
2022,ONEIDA,Not NYC,Senate,44899,29494,430,74823,0.6,0.394,0.006
2022,ONONDAGA,Not NYC,Senate,69374,99205,986,169565,0.409,0.585,0.006
2022,ONTARIO,Not NYC,Senate,24104,21626,253,45983,0.524,0.47,0.006
2022,ORANGE,Not NYC,Senate,63292,58364,604,122260,0.518,0.477,0.005
2022,ORLEANS,Not NYC,Senate,9609,3788,75,13472,0.713,0.281,0.006
2022,OSWEGO,Not NYC,Senate,24802,14909,257,39968,0.621,0.373,0.006
2022,OTSEGO,Not NYC,Senate,12042,9623,161,21826,0.552,0.441,0.007
2022,PUTNAM,Not NYC,Senate,23863,17019,168,41050,0.581,0.415,0.004
2022,QUEENS,NYC,Senate,137805,291905,2878,432588,0.319,0.675,0.007
2022,RENSSELAER,Not NYC,Senate,30662,30809,436,61907,0.495,0.498,0.007
2022,RICHMOND,NYC,Senate,88015,50985,664,139664,0.63,0.365,0.005
2022,ROCKLAND,Not NYC,Senate,51183,52298,412,103893,0.493,0.503,0.004
2022,ST. LAWRENCE,Not NYC,Senate,19389,14351,212,33952,0.571,0.423,0.006
2022,SARATOGA,Not NYC,Senate,52030,50718,549,103297,0.504,0.491,0.005
2022,SCHENECTADY,Not NYC,Senate,24440,29124,365,53929,0.453,0.54,0.007
2022,SCHOHARIE,Not NYC,Senate,8254,4385,101,12740,0.648,0.344,0.008
2022,SCHUYLER,Not NYC,Senate,4759,2883,46,7688,0.619,0.375,0.006
2022,SENECA,Not NYC,Senate,6375,5035,92,11502,0.554,0.438,0.008
2022,STEUBEN,Not NYC,Senate,23456,10616,188,34260,0.685,0.31,0.005
2022,SUFFOLK,Not NYC,Senate,311254,246789,2214,560257,0.556,0.44,0.004
2022,SULLIVAN,Not NYC,Senate,13385,10800,160,24345,0.55,0.444,0.007
2022,TIOGA,Not NYC,Senate,11981,6743,123,18847,0.636,0.358,0.007
2022,TOMPKINS,Not NYC,Senate,8956,25928,269,35153,0.255,0.738,0.008
2022,ULSTER,Not NYC,Senate,31327,45660,516,77503,0.404,0.589,0.007
2022,WARREN,Not NYC,Senate,14452,13263,183,27898,0.518,0.475,0.007
2022,WASHINGTON,Not NYC,Senate,12987,8773,139,21899,0.593,0.401,0.006
2022,WAYNE,Not NYC,Senate,21320,11983,164,33467,0.637,0.358,0.005
2022,WESTCHESTER,Not NYC,Senate,119891,205496,1136,326523,0.367,0.629,0.003
2022,WYOMING,Not NYC,Senate,11191,3838,87,15116,0.74,0.254,0.006
2022,YATES,Not NYC,Senate,4934,3247,47,8228,0.6,0.395,0.006